"ID","LocationName","Latitude","Longitude","Year","Count","Source","Covered","NationalPark","EcolReserve"
"GI-020","Ada Islands",49.2853,-124.0939,1974,171,"KBB2020","","",""
"GI-020","Ada Islands",49.2853,-124.0939,1975,100,"KBB2020","","",""
"GI-020","Ada Islands",49.2853,-124.0939,1978,154,"KBB2020","","",""
"GI-020","Ada Islands",49.2853,-124.0939,1980,86,"KBB2020","","",""
"GI-020","Ada Islands",49.2853,-124.0939,1981,155,"KBB2020","","",""
"GI-020","Ada Islands",49.2853,-124.0939,1986,124,"KBB2020","","",""
"GI-020","Ada Islands",49.2853,-124.0939,2010,69,"KBB2020","","",""
NA,"Anniversary Islet",48.824,-123.1833,1977,4,"KBB2020","","NationalPark",""
NA,"Anniversary Islet",48.824,-123.1833,1978,50,"KBB2020","","NationalPark",""
NA,"Anniversary Islet",48.824,-123.1833,2005,0,"KBB2020","","NationalPark",""
"GI-630","Arbutus Island",48.7061,-123.4353,1976,39,"KBB2020","covered","",""
"GI-630","Arbutus Island",48.7061,-123.4353,1985,115,"KBB2020","covered","",""
"GI-630","Arbutus Island",48.7061,-123.4353,1986,150,"KBB2020","covered","",""
"GI-630","Arbutus Island",48.7061,-123.4353,1997,97,"KBB2020","covered","",""
"GI-630","Arbutus Island",48.7061,-123.4353,1999,55,"KBB2020","covered","",""
"GI-630","Arbutus Island",48.7061,-123.4353,2005,40,"KBB2020","covered","",""
"GI-630","Arbutus Island",48.7061,-123.4353,2007,35,"KBB2020","covered","",""
"GI-630","Arbutus Island",48.7061,-123.4353,2010,53,"KBB2020","covered","",""
"GI-250","Augustus Point",48.945,-123.6528,1974,3,"KBB2020","","",""
"GI-250","Augustus Point",48.945,-123.6528,1978,3,"KBB2020","","",""
"GI-250","Augustus Point",48.945,-123.6528,1980,3,"KBB2020","","",""
"GI-250","Augustus Point",48.945,-123.6528,1984,6,"KBB2020","","",""
"GI-010","Ballenas Islands",49.3464,-124.1581,1952,50,"KBB2020","","",""
"GI-010","Ballenas Islands",49.3464,-124.1581,1953,50,"KBB2020","","",""
"GI-010","Ballenas Islands",49.3464,-124.1581,1954,50,"KBB2020","","",""
"GI-010","Ballenas Islands",49.3464,-124.1581,1955,50,"KBB2020","","",""
"GI-010","Ballenas Islands",49.3464,-124.1581,1956,50,"KBB2020","","",""
"GI-010","Ballenas Islands",49.3464,-124.1581,1968,55,"KBB2020","","",""
"GI-010","Ballenas Islands",49.3464,-124.1581,1969,120,"KBB2020","","",""
"GI-010","Ballenas Islands",49.3464,-124.1581,1986,0,"KBB2020","","",""
"GI-010","Ballenas Islands",49.3464,-124.1581,2006,0,"KBB2020","","",""
"GI-320","Ballingall Islets",48.9072,-123.4594,1936,85,"KBB2020","","","EcolReserve"
"GI-320","Ballingall Islets",48.9072,-123.4594,1954,1,"KBB2020","","","EcolReserve"
"GI-320","Ballingall Islets",48.9072,-123.4594,1959,57,"KBB2020","","","EcolReserve"
"GI-320","Ballingall Islets",48.9072,-123.4594,1964,50,"KBB2020","","","EcolReserve"
"GI-320","Ballingall Islets",48.9072,-123.4594,1966,100,"KBB2020","","","EcolReserve"
"GI-320","Ballingall Islets",48.9072,-123.4594,1968,155,"KBB2020","","","EcolReserve"
"GI-320","Ballingall Islets",48.9072,-123.4594,1974,96,"KBB2020","","","EcolReserve"
"GI-320","Ballingall Islets",48.9072,-123.4594,1976,118,"KBB2020","","","EcolReserve"
"GI-320","Ballingall Islets",48.9072,-123.4594,1977,118,"KBB2020","","","EcolReserve"
"GI-320","Ballingall Islets",48.9072,-123.4594,1986,145,"KBB2020","","","EcolReserve"
"GI-320","Ballingall Islets",48.9072,-123.4594,2010,6,"KBB2020","","","EcolReserve"
"GI-280","Bare Point",48.9278,-123.7064,1968,1,"KBB2020","","",""
"GI-280","Bare Point",48.9278,-123.7064,1974,11,"KBB2020","","",""
"GI-280","Bare Point",48.9278,-123.7064,1977,8,"KBB2020","","",""
"GI-280","Bare Point",48.9278,-123.7064,1978,4,"KBB2020","","",""
"GI-280","Bare Point",48.9278,-123.7064,1980,0,"KBB2020","","",""
"GI-280","Bare Point",48.9278,-123.7064,1986,5,"KBB2020","","",""
"GI-470","Belle Chain Islets",48.8335,-123.2009,1966,14,"KBB2020","","NationalPark",""
"GI-470","Belle Chain Islets",48.8335,-123.2009,1969,43,"KBB2020","","NationalPark",""
"GI-470","Belle Chain Islets",48.8335,-123.2009,1974,6,"KBB2020","","NationalPark",""
"GI-470","Belle Chain Islets",48.8335,-123.2009,1976,6,"KBB2020","","NationalPark",""
"GI-470","Belle Chain Islets",48.8335,-123.2009,1977,25,"KBB2020","","NationalPark",""
"GI-470","Belle Chain Islets",48.8335,-123.2009,1980,37,"KBB2020","","NationalPark",""
"GI-470","Belle Chain Islets",48.8335,-123.2009,1981,78,"KBB2020","","NationalPark",""
"GI-470","Belle Chain Islets",48.8335,-123.2009,1986,56,"KBB2020","","NationalPark",""
"GI-470","Belle Chain Islets",48.8335,-123.2009,2009,18,"KBB2020","","NationalPark",""
"SG-500","Bird Islet",49.3633,-123.2911,1974,3,"KBB2020","","",""
"SG-500","Bird Islet",49.3633,-123.2911,1981,2,"KBB2020","","",""
"SG-500","Bird Islet",49.3633,-123.2911,1986,38,"KBB2020","","",""
"SG-500","Bird Islet",49.3633,-123.2911,1999,31,"KBB2020","","",""
"SG-500","Bird Islet",49.3633,-123.2911,2010,15,"KBB2020","","",""
"GI-220","Canoe Islet",49.0281,-123.5886,1974,67,"KBB2020","","","EcolReserve"
"GI-220","Canoe Islet",49.0281,-123.5886,1976,37,"KBB2020","","","EcolReserve"
"GI-220","Canoe Islet",49.0281,-123.5886,1977,57,"KBB2020","","","EcolReserve"
"GI-220","Canoe Islet",49.0281,-123.5886,1978,50,"KBB2020","","","EcolReserve"
"GI-220","Canoe Islet",49.0281,-123.5886,1986,56,"KBB2020","","","EcolReserve"
"GI-890","Chain Islets/Great Chain Island",48.4206,-123.2753,1943,80,"KBB2020","covered","","EcolReserve"
"GI-890","Chain Islets/Great Chain Island",48.4206,-123.2753,1955,1000,"KBB2020","covered","","EcolReserve"
"GI-890","Chain Islets/Great Chain Island",48.4206,-123.2753,1960,850,"KBB2020","covered","","EcolReserve"
"GI-890","Chain Islets/Great Chain Island",48.4206,-123.2753,1968,1754,"KBB2020","covered","","EcolReserve"
"GI-890","Chain Islets/Great Chain Island",48.4206,-123.2753,1973,1550,"KBB2020","covered","","EcolReserve"
"GI-890","Chain Islets/Great Chain Island",48.4206,-123.2753,1974,1764,"KBB2020","covered","","EcolReserve"
"GI-890","Chain Islets/Great Chain Island",48.4206,-123.2753,1976,1825,"KBB2020","covered","","EcolReserve"
"GI-890","Chain Islets/Great Chain Island",48.4206,-123.2753,1977,1838,"KBB2020","covered","","EcolReserve"
"GI-890","Chain Islets/Great Chain Island",48.4206,-123.2753,1986,2432,"KBB2020","covered","","EcolReserve"
"GI-890","Chain Islets/Great Chain Island",48.4206,-123.2753,2009,1410,"KBB2020","covered","","EcolReserve"
"GI-460","Channel Islands",48.7994,-123.3842,1977,1,"KBB2020","","NationalPark",""
"GI-460","Channel Islands",48.7994,-123.3842,2004,0,"KBB2020","","NationalPark",""
"SG-430","Christie Islet",49.4994,-123.3017,1941,1,"KBB2020","","",""
"SG-430","Christie Islet",49.4994,-123.3017,1949,2,"KBB2020","","",""
"SG-430","Christie Islet",49.4994,-123.3017,1955,247,"KBB2020","","",""
"SG-430","Christie Islet",49.4994,-123.3017,1956,419,"KBB2020","","",""
"SG-430","Christie Islet",49.4994,-123.3017,1958,219,"KBB2020","","",""
"SG-430","Christie Islet",49.4994,-123.3017,1959,299,"KBB2020","","",""
"SG-430","Christie Islet",49.4994,-123.3017,1963,300,"KBB2020","","",""
"SG-430","Christie Islet",49.4994,-123.3017,1968,293,"KBB2020","","",""
"SG-430","Christie Islet",49.4994,-123.3017,1971,300,"KBB2020","","",""
"SG-430","Christie Islet",49.4994,-123.3017,1974,477,"KBB2020","","",""
"SG-430","Christie Islet",49.4994,-123.3017,1978,718,"KBB2020","","",""
"SG-430","Christie Islet",49.4994,-123.3017,1980,499,"KBB2020","","",""
"SG-430","Christie Islet",49.4994,-123.3017,1981,558,"KBB2020","","",""
"SG-430","Christie Islet",49.4994,-123.3017,1986,454,"KBB2020","","",""
"SG-430","Christie Islet",49.4994,-123.3017,1999,232,"KBB2020","","",""
"SG-430","Christie Islet",49.4994,-123.3017,2010,198,"KBB2020","","",""
"SG-240","Chrome Island",49.4719,-124.6844,1935,150,"KBB2020","","",""
"SG-240","Chrome Island",49.4719,-124.6844,1974,1,"KBB2020","","",""
"SG-240","Chrome Island",49.4719,-124.6844,1986,3,"KBB2020","","",""
"SG-240","Chrome Island",49.4719,-124.6844,2010,1,"KBB2020","","",""
NA,"De Courcy Island",49.1106,-123.7576,1977,3,"KBB2020","","",""
NA,"De Courcy Island",49.1106,-123.7576,1986,2,"KBB2020","","",""
NA,"De Courcy Island",49.1106,-123.7576,2010,0,"KBB2020","","",""
"SG-210","Denman Island - East Dock",49.4939,-124.7089,1986,1,"KBB2020","","",""
"SG-210","Denman Island - East Dock",49.4939,-124.7089,1986,1,"KBB2020","","",""
NA,"Dinner Islet",49.9462,-124.7229,1978,0,"KBB2020","","",""
NA,"Dinner Islet",49.9462,-124.7229,1981,0,"KBB2020","","",""
NA,"Dinner Islet",49.9462,-124.7229,2006,0,"KBB2020","","",""
NA,"Dock Island",48.6717,-123.3575,1977,48,"KBB2020","","",""
NA,"Dock Island",48.6717,-123.3575,2010,0,"KBB2020","","",""
NA,"Eagle Harbour",49.3517,-123.2711,1974,2,"KBB2020","","",""
"SG-270","Fegen Islets",49.53,-124.3806,1974,2,"KBB2020","","",""
"SG-270","Fegen Islets",49.53,-124.3806,1986,1,"KBB2020","","",""
"SG-260","Finnerty Islands",49.4989,-124.3953,1974,10,"KBB2020","","",""
"SG-260","Finnerty Islands",49.4989,-124.3953,1981,6,"KBB2020","","",""
"SG-260","Finnerty Islands",49.4989,-124.3953,1986,4,"KBB2020","","",""
"GI-050","Five Finger Island",49.2311,-123.9158,1959,5,"KBB2020","","",""
"GI-050","Five Finger Island",49.2311,-123.9158,1968,110,"KBB2020","","",""
"GI-050","Five Finger Island",49.2311,-123.9158,1974,559,"KBB2020","","",""
"GI-050","Five Finger Island",49.2311,-123.9158,1977,459,"KBB2020","","",""
"GI-050","Five Finger Island",49.2311,-123.9158,1978,473,"KBB2020","","",""
"GI-050","Five Finger Island",49.2311,-123.9158,1980,364,"KBB2020","","",""
"GI-050","Five Finger Island",49.2311,-123.9158,1981,599,"KBB2020","","",""
"GI-050","Five Finger Island",49.2311,-123.9158,1986,671,"KBB2020","","",""
"GI-050","Five Finger Island",49.2311,-123.9158,1999,288,"KBB2020","","",""
"GI-050","Five Finger Island",49.2311,-123.9158,2010,2,"KBB2020","","",""
"GI-090","Gabriola Island - West Cliffs",49.1558,-123.8569,1974,4,"KBB2020","","",""
"GI-090","Gabriola Island - West Cliffs",49.1558,-123.8569,1977,5,"KBB2020","","",""
"GI-090","Gabriola Island - West Cliffs",49.1558,-123.8569,2010,4,"KBB2020","","",""
"GI-230","Galiano Island - North Cliffs",48.9725,-123.5631,1977,2,"KBB2020","","",""
"GI-230","Galiano Island - North Cliffs",48.9725,-123.5631,1985,6,"KBB2020","","",""
"GI-230","Galiano Island - North Cliffs",48.9725,-123.5631,1986,6,"KBB2020","","",""
"GI-330","Galiano Island - Central Cliffs",48.9119,-123.4314,1976,4,"KBB2020","","",""
"GI-330","Galiano Island - Central Cliffs",48.9119,-123.4314,1977,1,"KBB2020","","",""
"SG-540","Grebe Islets",49.3408,-123.2756,1974,7,"KBB2020","","",""
"SG-540","Grebe Islets",49.3408,-123.2756,1978,12,"KBB2020","","",""
"SG-540","Grebe Islets",49.3408,-123.2756,1980,24,"KBB2020","","",""
"SG-540","Grebe Islets",49.3408,-123.2756,1981,22,"KBB2020","","",""
"SG-540","Grebe Islets",49.3408,-123.2756,1986,108,"KBB2020","","",""
"SG-540","Grebe Islets",49.3408,-123.2756,1999,257,"KBB2020","","",""
"SG-540","Grebe Islets",49.3408,-123.2756,2010,33,"KBB2020","","",""
"GI-690","Greig Island",48.6781,-123.3392,1963,33,"KBB2020","","NationalPark",""
"GI-690","Greig Island",48.6781,-123.3392,1973,35,"KBB2020","","NationalPark",""
"GI-690","Greig Island",48.6781,-123.3392,1974,40,"KBB2020","","NationalPark",""
"GI-690","Greig Island",48.6781,-123.3392,1981,53,"KBB2020","","NationalPark",""
"GI-690","Greig Island",48.6781,-123.3392,1985,45,"KBB2020","","NationalPark",""
"GI-690","Greig Island",48.6781,-123.3392,1986,52,"KBB2020","","NationalPark",""
"GI-690","Greig Island",48.6781,-123.3392,1997,5,"KBB2020","","NationalPark",""
"GI-690","Greig Island",48.6781,-123.3392,1999,14,"KBB2020","","NationalPark",""
"GI-690","Greig Island",48.6781,-123.3392,2009,17,"KBB2020","","NationalPark",""
"GI-880","Harris Island",48.4231,-123.2897,1977,28,"KBB2020","","",""
"GI-880","Harris Island",48.4231,-123.2897,1981,19,"KBB2020","","",""
"GI-880","Harris Island",48.4231,-123.2897,1986,22,"KBB2020","","",""
"GI-880","Harris Island",48.4231,-123.2897,1971,41,"KBB2020","","",""
NA,"Hodgson Islands",49.6301,-124.0808,1986,1,"KBB2020","","",""
NA,"Hodgson Islands",49.6301,-124.0808,2006,0,"KBB2020","","",""
NA,"Hornby Island Bluffs",49.5236,-124.5925,1938,30,"KBB2020","","",""
NA,"Hornby Island Bluffs",49.5236,-124.5925,1960,0,"KBB2020","","",""
NA,"Hornby Island Bluffs",49.5236,-124.5925,1977,1,"KBB2020","","",""
"SG-220","St. John Point",49.5167,-124.5861,1968,0,"KBB2020","","",""
"SG-220","St. John Point",49.5167,-124.5861,1974,5,"KBB2020","","",""
"SG-220","St. John Point",49.5167,-124.5861,1986,6,"KBB2020","","",""
"SG-460","Sunset Beach Cliffs",49.4,-123.2506,1956,1,"KBB2020","","",""
"SG-460","Sunset Beach Cliffs",49.4,-123.2506,1957,1,"KBB2020","","",""
"SG-460","Sunset Beach Cliffs",49.4,-123.2506,1974,1,"KBB2020","","",""
"GI-060","Hudson Rocks",49.2258,-123.925,1959,80,"KBB2020","","","EcolReserve"
"GI-060","Hudson Rocks",49.2258,-123.925,1960,38,"KBB2020","","","EcolReserve"
"GI-060","Hudson Rocks",49.2258,-123.925,1968,79,"KBB2020","","","EcolReserve"
"GI-060","Hudson Rocks",49.2258,-123.925,1974,248,"KBB2020","","","EcolReserve"
"GI-060","Hudson Rocks",49.2258,-123.925,1977,259,"KBB2020","","","EcolReserve"
"GI-060","Hudson Rocks",49.2258,-123.925,1978,236,"KBB2020","","","EcolReserve"
"GI-060","Hudson Rocks",49.2258,-123.925,1980,226,"KBB2020","","","EcolReserve"
"GI-060","Hudson Rocks",49.2258,-123.925,1981,308,"KBB2020","","","EcolReserve"
"GI-060","Hudson Rocks",49.2258,-123.925,1986,247,"KBB2020","","","EcolReserve"
"GI-060","Hudson Rocks",49.2258,-123.925,1999,122,"KBB2020","","","EcolReserve"
"GI-060","Hudson Rocks",49.2258,-123.925,2010,10,"KBB2020","","","EcolReserve"
"GI-670","Imrie Island",48.6944,-123.3331,1905,0,"KBB2020","","NationalPark",""
"GI-670","Imrie Island",48.6944,-123.3331,1935,150,"KBB2020","","NationalPark",""
"GI-670","Imrie Island",48.6944,-123.3331,1945,150,"KBB2020","","NationalPark",""
"GI-670","Imrie Island",48.6944,-123.3331,1959,200,"KBB2020","","NationalPark",""
"GI-670","Imrie Island",48.6944,-123.3331,1960,295,"KBB2020","","NationalPark",""
"GI-670","Imrie Island",48.6944,-123.3331,1968,250,"KBB2020","","NationalPark",""
"GI-670","Imrie Island",48.6944,-123.3331,1974,298,"KBB2020","","NationalPark",""
"GI-670","Imrie Island",48.6944,-123.3331,1977,315,"KBB2020","","NationalPark",""
"GI-670","Imrie Island",48.6944,-123.3331,1978,355,"KBB2020","","NationalPark",""
"GI-670","Imrie Island",48.6944,-123.3331,1985,120,"KBB2020","","NationalPark",""
"GI-670","Imrie Island",48.6944,-123.3331,1986,216,"KBB2020","","NationalPark",""
"GI-670","Imrie Island",48.6944,-123.3331,1997,33,"KBB2020","","NationalPark",""
"GI-670","Imrie Island",48.6944,-123.3331,1999,41,"KBB2020","","NationalPark",""
"GI-670","Imrie Island",48.6944,-123.3331,2005,1,"KBB2020","","NationalPark",""
"GI-670","Imrie Island",48.6944,-123.3331,2007,0,"KBB2020","","NationalPark",""
NA,"Inskip Rock",49.2085,-123.9538,1999,0,"KBB2020","","",""
"GI-550","Java Islets",48.7597,-123.1097,1900,35,"KBB2020","","NationalPark",""
"GI-550","Java Islets",48.7597,-123.1097,1959,372,"KBB2020","","NationalPark",""
"GI-550","Java Islets",48.7597,-123.1097,1968,464,"KBB2020","","NationalPark",""
"GI-550","Java Islets",48.7597,-123.1097,1969,531,"KBB2020","","NationalPark",""
"GI-550","Java Islets",48.7597,-123.1097,1974,372,"KBB2020","","NationalPark",""
"GI-550","Java Islets",48.7597,-123.1097,1977,374,"KBB2020","","NationalPark",""
"GI-550","Java Islets",48.7597,-123.1097,1980,181,"KBB2020","","NationalPark",""
"GI-550","Java Islets",48.7597,-123.1097,1981,384,"KBB2020","","NationalPark",""
"GI-550","Java Islets",48.7597,-123.1097,1986,298,"KBB2020","","NationalPark",""
"GI-550","Java Islets",48.7597,-123.1097,2005,52,"KBB2020","","NationalPark",""
"GI-550","Java Islets",48.7597,-123.1097,2007,20,"KBB2020","","NationalPark",""
"GI-550","Java Islets",48.7597,-123.1097,2008,17,"KBB2020","","NationalPark",""
"GI-550","Java Islets",48.7597,-123.1097,2009,25,"KBB2020","","NationalPark",""
"SG-080","Keefer Rock",49.9681,-124.8772,1970,7,"KBB2020","","",""
"SG-080","Keefer Rock",49.9681,-124.8772,1973,7,"KBB2020","","",""
"SG-080","Keefer Rock",49.9681,-124.8772,1974,7,"KBB2020","","",""
"SG-080","Keefer Rock",49.9681,-124.8772,1977,20,"KBB2020","","",""
"SG-080","Keefer Rock",49.9681,-124.8772,1986,28,"KBB2020","","",""
"SG-080","Keefer Rock",49.9681,-124.8772,2006,0,"KBB2020","","",""
NA,"Kuper Island",48.9359,-123.6317,1972,4,"KBB2020","","",""
NA,"Kuper Island",48.9359,-123.6317,1974,10,"KBB2020","","",""
NA,"Kuper Island",48.9359,-123.6317,1976,11,"KBB2020","","",""
NA,"Kuper Island",48.9359,-123.6317,1977,6,"KBB2020","","",""
NA,"Kuper Island",48.9359,-123.6317,1986,8,"KBB2020","","",""
"GI-380","Lion Islets",48.9003,-123.335,1977,2,"KBB2020","","",""
"GI-380","Lion Islets",48.9003,-123.335,1986,1,"KBB2020","","",""
"GI-710","Little Group",48.6717,-123.3575,1986,6,"KBB2020","","NationalPark",""
"GI-710","Little Group",48.6717,-123.3575,1997,3,"KBB2020","","NationalPark",""
"GI-710","Little Group",48.6717,-123.3575,1999,1,"KBB2020","","NationalPark",""
"GI-710","Little Group",48.6717,-123.3575,2010,0,"KBB2020","","NationalPark",""
"SG-040","Three Islets",50.0539,-124.9131,1974,1,"KBB2020","","",""
"SG-040","Three Islets",50.0539,-124.9131,2006,0,"KBB2020","","",""
"SG-012","“Steamer” Island",50.1584,-125.0949,1986,1,"KBB2020","","",""
"SG-070","Major Islet",49.9894,-124.8161,1970,1,"KBB2020","","",""
"SG-070","Major Islet",49.9894,-124.8161,1974,3,"KBB2020","","",""
"SG-070","Major Islet",49.9894,-124.8161,1978,1,"KBB2020","","",""
"SG-070","Major Islet",49.9894,-124.8161,2006,0,"KBB2020","","",""
"GI-750","Mandarte Island",48.6333,-123.2867,1915,450,"KBB2020","covered","",""
"GI-750","Mandarte Island",48.6333,-123.2867,1921,350,"KBB2020","covered","",""
"GI-750","Mandarte Island",48.6333,-123.2867,1923,600,"KBB2020","covered","",""
"GI-750","Mandarte Island",48.6333,-123.2867,1927,1000,"KBB2020","covered","",""
"GI-750","Mandarte Island",48.6333,-123.2867,1936,534,"KBB2020","covered","",""
"GI-750","Mandarte Island",48.6333,-123.2867,1955,1500,"KBB2020","covered","",""
"GI-750","Mandarte Island",48.6333,-123.2867,1957,1900,"KBB2020","covered","",""
"GI-750","Mandarte Island",48.6333,-123.2867,1958,1900,"KBB2020","covered","",""
"GI-750","Mandarte Island",48.6333,-123.2867,1959,1900,"KBB2020","covered","",""
"GI-750","Mandarte Island",48.6333,-123.2867,1960,1900,"KBB2020","covered","",""
"GI-750","Mandarte Island",48.6333,-123.2867,1961,1500,"KBB2020","covered","",""
"GI-750","Mandarte Island",48.6333,-123.2867,1962,2100,"KBB2020","covered","",""
"GI-750","Mandarte Island",48.6333,-123.2867,1969,2000,"KBB2020","covered","",""
"GI-750","Mandarte Island",48.6333,-123.2867,1970,2500,"KBB2020","covered","",""
"GI-750","Mandarte Island",48.6333,-123.2867,1971,2000,"KBB2020","covered","",""
"GI-750","Mandarte Island",48.6333,-123.2867,1974,1047,"KBB2020","covered","",""
"GI-750","Mandarte Island",48.6333,-123.2867,1977,1666,"KBB2020","covered","",""
"GI-750","Mandarte Island",48.6333,-123.2867,1985,2157,"KBB2020","covered","",""
"GI-750","Mandarte Island",48.6333,-123.2867,1986,2259,"KBB2020","covered","",""
"GI-750","Mandarte Island",48.6333,-123.2867,1997,2124,"KBB2020","covered","",""
"GI-750","Mandarte Island",48.6333,-123.2867,2005,1700,"KBB2020","covered","",""
"GI-750","Mandarte Island",48.6333,-123.2867,2007,1100,"KBB2020","covered","",""
"GI-750","Mandarte Island",48.6333,-123.2867,2009,1892,"KBB2020","covered","",""
NA,"Mandarte South Islet",48.6314,-123.2808,1962,100,"KBB2020","covered","",""
NA,"Mandarte South Islet",48.6314,-123.2808,1974,71,"KBB2020","covered","",""
NA,"Mandarte South Islet",48.6314,-123.2808,1977,71,"KBB2020","covered","",""
NA,"Mandarte South Islet",48.6314,-123.2808,1980,106,"KBB2020","covered","",""
NA,"Mandarte South Islet",48.6314,-123.2808,1985,100,"KBB2020","covered","",""
NA,"Mandarte South Islet",48.6314,-123.2808,1986,104,"KBB2020","covered","",""
NA,"Mandarte South Islet",48.6314,-123.2808,1997,97,"KBB2020","covered","",""
NA,"Mandarte South Islet",48.6314,-123.2808,2007,0,"KBB2020","covered","",""
NA,"Mandarte South Islet",48.6314,-123.2808,2010,28,"KBB2020","covered","",""
"GI-850","Mary Tod Island",48.4275,-123.2986,1986,1,"KBB2020","","",""
"GI-850","Mary Tod Island",48.4275,-123.2986,2007,2,"KBB2020","","",""
"GI-040","Maude Island",49.2706,-124.0819,1986,2,"KBB2020","","",""
"GI-040","Maude Island",49.2706,-124.0819,2010,0,"KBB2020","","",""
"SG-130","McRae Islet",49.7436,-124.2925,1969,97,"KBB2020","","",""
"SG-130","McRae Islet",49.7436,-124.2925,1974,97,"KBB2020","","",""
"SG-130","McRae Islet",49.7436,-124.2925,1986,262,"KBB2020","","",""
"SG-370","Merry Island",49.4692,-123.9189,1950,800,"KBB2020","","",""
"SG-370","Merry Island",49.4692,-123.9189,1960,600,"KBB2020","","",""
"SG-370","Merry Island",49.4692,-123.9189,1968,395,"KBB2020","","",""
"SG-370","Merry Island",49.4692,-123.9189,1974,1005,"KBB2020","","",""
"SG-370","Merry Island",49.4692,-123.9189,1975,622,"KBB2020","","",""
"SG-370","Merry Island",49.4692,-123.9189,1976,779,"KBB2020","","",""
"SG-370","Merry Island",49.4692,-123.9189,1986,228,"KBB2020","","",""
"SG-370","Merry Island",49.4692,-123.9189,2006,100,"KBB2020","","",""
"SG-370","Merry Island",49.4692,-123.9189,2010,46,"KBB2020","","",""
"GI-190","Miami Islet",49.0372,-123.7094,1968,25,"KBB2020","","",""
"GI-190","Miami Islet",49.0372,-123.7094,1974,52,"KBB2020","","",""
"GI-190","Miami Islet",49.0372,-123.7094,1977,43,"KBB2020","","",""
"GI-190","Miami Islet",49.0372,-123.7094,1980,17,"KBB2020","","",""
"GI-190","Miami Islet",49.0372,-123.7094,1981,19,"KBB2020","","",""
"GI-190","Miami Islet",49.0372,-123.7094,1986,38,"KBB2020","","",""
"GI-190","Miami Islet",49.0372,-123.7094,2010,5,"KBB2020","","",""
"SG-090","Mitlenatch Island",49.95,-125.0042,1922,500,"KBB2020","covered","",""
"SG-090","Mitlenatch Island",49.95,-125.0042,1923,600,"KBB2020","covered","",""
"SG-090","Mitlenatch Island",49.95,-125.0042,1927,150,"KBB2020","covered","",""
"SG-090","Mitlenatch Island",49.95,-125.0042,1928,400,"KBB2020","covered","",""
"SG-090","Mitlenatch Island",49.95,-125.0042,1959,600,"KBB2020","covered","",""
"SG-090","Mitlenatch Island",49.95,-125.0042,1960,1200,"KBB2020","covered","",""
"SG-090","Mitlenatch Island",49.95,-125.0042,1960,900,"KBB2020","covered","",""
"SG-090","Mitlenatch Island",49.95,-125.0042,1963,3000,"KBB2020","covered","",""
"SG-090","Mitlenatch Island",49.95,-125.0042,1965,3000,"KBB2020","covered","",""
"SG-090","Mitlenatch Island",49.95,-125.0042,1967,3500,"KBB2020","covered","",""
"SG-090","Mitlenatch Island",49.95,-125.0042,1969,3000,"KBB2020","covered","",""
"SG-090","Mitlenatch Island",49.95,-125.0042,1970,100,"KBB2020","covered","",""
"SG-090","Mitlenatch Island",49.95,-125.0042,1973,286,"KBB2020","covered","",""
"SG-090","Mitlenatch Island",49.95,-125.0042,1974,1632,"KBB2020","covered","",""
"SG-090","Mitlenatch Island",49.95,-125.0042,1977,987,"KBB2020","covered","",""
"SG-090","Mitlenatch Island",49.95,-125.0042,1986,2100,"KBB2020","covered","",""
"SG-090","Mitlenatch Island",49.95,-125.0042,2010,1152,"KBB2020","covered","",""
"SG-180","Mouat Islands",49.6331,-124.4625,1986,35,"KBB2020","","",""
"SG-180","Mouat Islands",49.6331,-124.4625,2006,45,"KBB2020","","",""
NA,"Nanoose Bay Island",49.2629,-124.1805,1961,75,"KBB2020","","",""
NA,"Nanoose Bay Island",49.2629,-124.1805,1963,100,"KBB2020","","",""
"SG-230","Norris Rocks",49.4836,-124.6475,1960,20,"KBB2020","","",""
"SG-230","Norris Rocks",49.4836,-124.6475,1968,17,"KBB2020","","",""
"SG-230","Norris Rocks",49.4836,-124.6475,1974,85,"KBB2020","","",""
"SG-230","Norris Rocks",49.4836,-124.6475,1975,170,"KBB2020","","",""
"SG-230","Norris Rocks",49.4836,-124.6475,1977,104,"KBB2020","","",""
"SG-230","Norris Rocks",49.4836,-124.6475,1978,58,"KBB2020","","",""
"SG-230","Norris Rocks",49.4836,-124.6475,1981,111,"KBB2020","","",""
"SG-230","Norris Rocks",49.4836,-124.6475,1986,287,"KBB2020","","",""
"SG-230","Norris Rocks",49.4836,-124.6475,2010,111,"KBB2020","","",""
"SG-440","Pam Rock",49.4878,-123.2994,1956,10,"KBB2020","","",""
"SG-440","Pam Rock",49.4878,-123.2994,1963,7,"KBB2020","","",""
"SG-440","Pam Rock",49.4878,-123.2994,1968,109,"KBB2020","","",""
"SG-440","Pam Rock",49.4878,-123.2994,1969,99,"KBB2020","","",""
"SG-440","Pam Rock",49.4878,-123.2994,1971,30,"KBB2020","","",""
"SG-440","Pam Rock",49.4878,-123.2994,1974,121,"KBB2020","","",""
"SG-440","Pam Rock",49.4878,-123.2994,1978,151,"KBB2020","","",""
"SG-440","Pam Rock",49.4878,-123.2994,1980,105,"KBB2020","","",""
"SG-440","Pam Rock",49.4878,-123.2994,1981,131,"KBB2020","","",""
"SG-440","Pam Rock",49.4878,-123.2994,1986,109,"KBB2020","","",""
"SG-440","Pam Rock",49.4878,-123.2994,1999,25,"KBB2020","","",""
"SG-440","Pam Rock",49.4878,-123.2994,2010,7,"KBB2020","","",""
"SG-530","Passage Island",49.3431,-123.3056,1958,16,"KBB2020","","",""
"SG-530","Passage Island",49.3431,-123.3056,1959,50,"KBB2020","","",""
"SG-530","Passage Island",49.3431,-123.3056,1963,125,"KBB2020","","",""
"SG-530","Passage Island",49.3431,-123.3056,1964,300,"KBB2020","","",""
"SG-530","Passage Island",49.3431,-123.3056,1966,75,"KBB2020","","",""
"SG-530","Passage Island",49.3431,-123.3056,1968,300,"KBB2020","","",""
"SG-530","Passage Island",49.3431,-123.3056,1971,400,"KBB2020","","",""
"SG-530","Passage Island",49.3431,-123.3056,1974,496,"KBB2020","","",""
"SG-530","Passage Island",49.3431,-123.3056,1978,798,"KBB2020","","",""
"SG-530","Passage Island",49.3431,-123.3056,1986,384,"KBB2020","","",""
"SG-530","Passage Island",49.3431,-123.3056,2010,7,"KBB2020","","",""
"SG-550","Point Atkinson",49.3297,-123.265,1968,4,"KBB2020","","",""
"SG-550","Point Atkinson",49.3297,-123.265,1974,3,"KBB2020","","",""
"GI-200","Ragged Islets",49.0264,-123.6961,1923,0,"KBB2020","","",""
"GI-200","Ragged Islets",49.0264,-123.6961,1961,15,"KBB2020","","",""
"GI-200","Ragged Islets",49.0264,-123.6961,1963,15,"KBB2020","","",""
"GI-200","Ragged Islets",49.0264,-123.6961,1968,55,"KBB2020","","",""
"GI-200","Ragged Islets",49.0264,-123.6961,1974,103,"KBB2020","","",""
"GI-200","Ragged Islets",49.0264,-123.6961,1977,126,"KBB2020","","",""
"GI-200","Ragged Islets",49.0264,-123.6961,1978,130,"KBB2020","","",""
"GI-200","Ragged Islets",49.0264,-123.6961,1986,69,"KBB2020","","",""
"GI-200","Ragged Islets",49.0264,-123.6961,2010,18,"KBB2020","","",""
"GI-680","Reay Island",48.6833,-123.3292,1974,5,"KBB2020","","NationalPark",""
"GI-680","Reay Island",48.6833,-123.3292,1977,6,"KBB2020","","NationalPark",""
"GI-680","Reay Island",48.6833,-123.3292,1999,0,"KBB2020","","NationalPark",""
"GI-680","Reay Island",48.6833,-123.3292,2010,0,"KBB2020","","NationalPark",""
"SG-680","Westham Island",49.0983,-123.1786,1974,3,"KBB2020","","",""
"SG-680","Westham Island",49.0983,-123.1786,1987,1,"KBB2020","","",""
"SG-680","Westham Island",49.0983,-123.1786,1988,0,"KBB2020","","",""
"GI-210","Rose Islets",49.0081,-123.6439,1963,50,"KBB2020","","","EcolReserve"
"GI-210","Rose Islets",49.0081,-123.6439,1968,100,"KBB2020","","","EcolReserve"
"GI-210","Rose Islets",49.0081,-123.6439,1969,100,"KBB2020","","","EcolReserve"
"GI-210","Rose Islets",49.0081,-123.6439,1972,1,"KBB2020","","","EcolReserve"
"GI-210","Rose Islets",49.0081,-123.6439,1974,208,"KBB2020","","","EcolReserve"
"GI-210","Rose Islets",49.0081,-123.6439,1976,119,"KBB2020","","","EcolReserve"
"GI-210","Rose Islets",49.0081,-123.6439,1977,167,"KBB2020","","","EcolReserve"
"GI-210","Rose Islets",49.0081,-123.6439,1981,211,"KBB2020","","","EcolReserve"
"GI-210","Rose Islets",49.0081,-123.6439,1984,41,"KBB2020","","","EcolReserve"
"GI-210","Rose Islets",49.0081,-123.6439,1985,112,"KBB2020","","","EcolReserve"
"GI-210","Rose Islets",49.0081,-123.6439,1986,116,"KBB2020","","","EcolReserve"
"GI-210","Rose Islets",49.0081,-123.6439,2010,12,"KBB2020","","","EcolReserve"
"GI-171","Whaleboat Island",49.0739,-123.6925,1977,2,"KBB2020","","",""
"GI-171","Whaleboat Island",49.0739,-123.6925,1986,2,"KBB2020","","",""
"GI-770","Sallas Rocks",48.5847,-123.2903,1986,29,"KBB2020","","NationalPark",""
"GI-770","Sallas Rocks",48.5847,-123.2903,1997,13,"KBB2020","","NationalPark",""
"GI-770","Sallas Rocks",48.5847,-123.2903,2006,0,"KBB2020","","NationalPark",""
"GI-770","Sallas Rocks",48.5847,-123.2903,2009,9,"KBB2020","","NationalPark",""
"GI-408","Clamshell Islet",48.8519,-123.4414,1974,3,"KBB2020","","",""
"GI-408","Clamshell Islet",48.8519,-123.4414,1977,1,"KBB2020","","",""
"GI-510","East Point - Cliffs",48.7817,-123.0469,1977,7,"KBB2020","","NationalPark",""
"GI-510","East Point - Cliffs",48.7817,-123.0469,1986,7,"KBB2020","","NationalPark",""
"SG-250","Sisters Islets",49.4867,-124.435,1940,100,"KBB2020","","",""
"SG-250","Sisters Islets",49.4867,-124.435,1941,100,"KBB2020","","",""
"SG-250","Sisters Islets",49.4867,-124.435,1942,100,"KBB2020","","",""
"SG-250","Sisters Islets",49.4867,-124.435,1943,100,"KBB2020","","",""
"SG-250","Sisters Islets",49.4867,-124.435,1951,100,"KBB2020","","",""
"SG-250","Sisters Islets",49.4867,-124.435,1968,74,"KBB2020","","",""
"SG-250","Sisters Islets",49.4867,-124.435,1974,108,"KBB2020","","",""
"SG-250","Sisters Islets",49.4867,-124.435,1978,85,"KBB2020","","",""
"SG-250","Sisters Islets",49.4867,-124.435,1981,151,"KBB2020","","",""
"SG-250","Sisters Islets",49.4867,-124.435,1986,25,"KBB2020","","",""
"SG-630","Siwash Rock",49.3089,-123.1567,1958,4,"KBB2020","","",""
"SG-630","Siwash Rock",49.3089,-123.1567,1961,2,"KBB2020","","",""
"SG-630","Siwash Rock",49.3089,-123.1567,1962,1,"KBB2020","","",""
"SG-630","Siwash Rock",49.3089,-123.1567,1967,2,"KBB2020","","",""
"SG-630","Siwash Rock",49.3089,-123.1567,1974,6,"KBB2020","","",""
"SG-630","Siwash Rock",49.3089,-123.1567,1976,3,"KBB2020","","",""
"SG-630","Siwash Rock",49.3089,-123.1567,1977,4,"KBB2020","","",""
"SG-630","Siwash Rock",49.3089,-123.1567,1986,8,"KBB2020","","",""
"SG-630","Siwash Rock",49.3089,-123.1567,2010,0,"KBB2020","","",""
"GI-070","Snake Island",49.2156,-123.8906,1958,350,"KBB2020","","",""
"GI-070","Snake Island",49.2156,-123.8906,1959,500,"KBB2020","","",""
"GI-070","Snake Island",49.2156,-123.8906,1960,350,"KBB2020","","",""
"GI-070","Snake Island",49.2156,-123.8906,1964,300,"KBB2020","","",""
"GI-070","Snake Island",49.2156,-123.8906,1968,330,"KBB2020","","",""
"GI-070","Snake Island",49.2156,-123.8906,1974,558,"KBB2020","","",""
"GI-070","Snake Island",49.2156,-123.8906,1975,610,"KBB2020","","",""
"GI-070","Snake Island",49.2156,-123.8906,1977,400,"KBB2020","","",""
"GI-070","Snake Island",49.2156,-123.8906,1978,615,"KBB2020","","",""
"GI-070","Snake Island",49.2156,-123.8906,1980,426,"KBB2020","","",""
"GI-070","Snake Island",49.2156,-123.8906,1981,719,"KBB2020","","",""
"GI-070","Snake Island",49.2156,-123.8906,1986,673,"KBB2020","","",""
"GI-070","Snake Island",49.2156,-123.8906,1999,204,"KBB2020","","",""
"GI-070","Snake Island",49.2156,-123.8906,2010,20,"KBB2020","","",""
"GI-270","Tent Island",48.925,-123.6303,1972,1,"KBB2020","","",""
"GI-270","Tent Island",48.925,-123.6303,1974,3,"KBB2020","","",""
"GI-270","Tent Island",48.925,-123.6303,1976,5,"KBB2020","","",""
"GI-270","Tent Island",48.925,-123.6303,1977,16,"KBB2020","","",""
"GI-270","Tent Island",48.925,-123.6303,1985,11,"KBB2020","","",""
"GI-270","Tent Island",48.925,-123.6303,1986,12,"KBB2020","","",""
"GI-900","Trial Islands",48.3972,-123.3056,1953,50,"KBB2020","covered","","EcolReserve"
"GI-900","Trial Islands",48.3972,-123.3056,1959,50,"KBB2020","covered","","EcolReserve"
"GI-900","Trial Islands",48.3972,-123.3056,1960,46,"KBB2020","covered","","EcolReserve"
"GI-900","Trial Islands",48.3972,-123.3056,1961,39,"KBB2020","covered","","EcolReserve"
"GI-900","Trial Islands",48.3972,-123.3056,1973,2,"KBB2020","covered","","EcolReserve"
"GI-900","Trial Islands",48.3972,-123.3056,1974,3,"KBB2020","covered","","EcolReserve"
"GI-900","Trial Islands",48.3972,-123.3056,2010,100,"KBB2020","covered","","EcolReserve"
"SG-720","Tsawwassen - Breakwater",49.0033,-123.1256,1974,115,"KBB2020","","",""
"SG-720","Tsawwassen - Breakwater",49.0033,-123.1256,1977,160,"KBB2020","","",""
"SG-720","Tsawwassen - Breakwater",49.0033,-123.1256,1986,238,"KBB2020","","",""
"SG-710","Tsawwassen - Ferry Terminal",49.0158,-123.1167,1974,9,"KBB2020","","",""
"SG-710","Tsawwassen - Ferry Terminal",49.0158,-123.1167,2010,4,"KBB2020","","",""
"GI-160","Valdes Island - West Cliffs",49.1056,-123.7028,1977,1,"KBB2020","","",""
"GI-160","Valdes Island - West Cliffs",49.1056,-123.7028,1978,1,"KBB2020","","",""
"SG-660","False Creek",49.2717,-123.1083,1974,4,"KBB2020","covered","",""
"SG-660","False Creek",49.2717,-123.1083,1986,500,"KBB2020","covered","",""
"SG-640","Burrard Bridge",49.2753,-123.1375,1986,9,"KBB2020","covered","",""
"SG-640","Burrard Bridge",49.2753,-123.1375,2010,1,"KBB2020","covered","",""
"SG-590","North Vancouver",49.3083,-123.0786,1986,8,"KBB2020","","",""
"SG-600","Vancouver Harbour",49.2861,-123.0992,1986,112,"KBB2020","covered","",""
"SG-620","Prospect Point",49.3136,-123.1419,1974,1,"KBB2020","","",""
"SG-620","Prospect Point",49.3136,-123.1419,1986,1,"KBB2020","","",""
"SG-620","Prospect Point",49.3136,-123.1419,2010,2,"KBB2020","","",""
"SG-620","Prospect Point",49.3136,-123.1419,1959,2,"KBB2020","","",""
"SG-620","Prospect Point",49.3136,-123.1419,1974,5,"KBB2020","","",""
"SG-620","Prospect Point",49.3136,-123.1419,1986,4,"KBB2020","","",""
"SG-620","Prospect Point",49.3136,-123.1419,2010,0,"KBB2020","","",""
"SG-580","Second Narrows",49.295,-123.0261,1984,40,"KBB2020","","",""
"SG-580","Second Narrows",49.295,-123.0261,1986,40,"KBB2020","","",""
NA,"VictoriaBBS",48.40459,-123.34957,1974,314,"KBB2020","covered","",""
NA,"VictoriaBBS",48.40459,-123.34957,1975,230,"KBB2020","covered","",""
NA,"VictoriaBBS",48.40459,-123.34957,1976,209,"KBB2020","covered","",""
NA,"VictoriaBBS",48.40459,-123.34957,1977,341,"KBB2020","covered","",""
NA,"VictoriaBBS",48.40459,-123.34957,1978,173,"KBB2020","covered","",""
NA,"VictoriaBBS",48.40459,-123.34957,1979,220,"KBB2020","covered","",""
NA,"VictoriaBBS",48.40459,-123.34957,1980,340,"KBB2020","covered","",""
NA,"VictoriaBBS",48.40459,-123.34957,1981,310,"KBB2020","covered","",""
NA,"VictoriaBBS",48.40459,-123.34957,1982,233,"KBB2020","covered","",""
NA,"VictoriaBBS",48.40459,-123.34957,1988,215,"KBB2020","covered","",""
NA,"VictoriaBBS",48.40459,-123.34957,1989,269,"KBB2020","covered","",""
NA,"VictoriaBBS",48.40459,-123.34957,1990,312,"KBB2020","covered","",""
NA,"VictoriaBBS",48.40459,-123.34957,1991,116,"KBB2020","covered","",""
NA,"VictoriaBBS",48.40459,-123.34957,1992,110,"KBB2020","covered","",""
NA,"VictoriaBBS",48.40459,-123.34957,1993,208,"KBB2020","covered","",""
NA,"VictoriaBBS",48.40459,-123.34957,1994,226,"KBB2020","covered","",""
NA,"VictoriaBBS",48.40459,-123.34957,1995,55,"KBB2020","covered","",""
NA,"VictoriaBBS",48.40459,-123.34957,1996,50,"KBB2020","covered","",""
NA,"VictoriaBBS",48.40459,-123.34957,1998,85,"KBB2020","covered","",""
NA,"VictoriaBBS",48.40459,-123.34957,1999,66,"KBB2020","covered","",""
NA,"VictoriaBBS",48.40459,-123.34957,2000,55,"KBB2020","covered","",""
NA,"VictoriaBBS",48.40459,-123.34957,2001,61,"KBB2020","covered","",""
NA,"VictoriaBBS",48.40459,-123.34957,2002,52,"KBB2020","covered","",""
"SG-110","Vivian Island",49.8406,-124.7014,1966,59,"KBB2020","","",""
"SG-110","Vivian Island",49.8406,-124.7014,1970,75,"KBB2020","","",""
"SG-110","Vivian Island",49.8406,-124.7014,1972,240,"KBB2020","","",""
"SG-110","Vivian Island",49.8406,-124.7014,1974,218,"KBB2020","","",""
"SG-110","Vivian Island",49.8406,-124.7014,1975,245,"KBB2020","","",""
"SG-110","Vivian Island",49.8406,-124.7014,1978,240,"KBB2020","","",""
"SG-110","Vivian Island",49.8406,-124.7014,1986,208,"KBB2020","","",""
"SG-110","Vivian Island",49.8406,-124.7014,2006,0,"KBB2020","","",""
"GI-260","Wallace Island",48.9386,-123.55,1974,3,"KBB2020","","",""
"GI-260","Wallace Island",48.9386,-123.55,1977,12,"KBB2020","","",""
"GI-260","Wallace Island",48.9386,-123.55,1985,3,"KBB2020","","",""
"GI-260","Wallace Island",48.9386,-123.55,1986,3,"KBB2020","","",""
"SG-400","White Islets",49.4181,-123.7119,1968,340,"KBB2020","","",""
"SG-400","White Islets",49.4181,-123.7119,1974,279,"KBB2020","","",""
"SG-400","White Islets",49.4181,-123.7119,1986,490,"KBB2020","","",""
"SG-400","White Islets",49.4181,-123.7119,2010,253,"KBB2020","","",""
"SG-490","Whyte Islet",49.37,-123.2919,1978,6,"KBB2020","","",""
"SG-490","Whyte Islet",49.37,-123.2919,1981,22,"KBB2020","","",""
"SG-490","Whyte Islet",49.37,-123.2919,1986,10,"KBB2020","","",""
"SG-490","Whyte Islet",49.37,-123.2919,1999,0,"KBB2020","","",""
"SG-490","Whyte Islet",49.37,-123.2919,2010,0,"KBB2020","","",""
"GI-015","Yeo Islands",49.3053,-124.135,1978,1,"SCoBC2023","","",""
"GI-045","Long Lake",49.2111,-124.0208,1986,1,"SCoBC2023","","",""
"GI-076","Brandon Islands",49.2069,-123.9569,1999,3,"SCoBC2023","","",""
"GI-100","Gabriola Island - East Cliffs",49.1608,-123.7278,1977,1,"SCoBC2023","","",""
"GI-110","Carlos Island",49.1592,-123.6969,1974,0,"SCoBC2023","","",""
"GI-110","Carlos Island",49.1592,-123.6969,1978,1,"SCoBC2023","","",""
"GI-130","Round Island",49.1147,-123.7956,1977,5,"SCoBC2023","","",""
"GI-130","Round Island",49.1147,-123.7956,1978,3,"SCoBC2023","","",""
"GI-130","Round Island",49.1147,-123.7956,1981,3,"SCoBC2023","","",""
"GI-150","De Courcy Island",49.0983,-123.7458,1977,3,"SCoBC2023","","",""
"GI-150","De Courcy Island",49.0983,-123.7458,1978,2,"SCoBC2023","","",""
"GI-150","De Courcy Island",49.0983,-123.7458,1986,2,"SCoBC2023","","",""
"GI-150","De Courcy Island",49.0983,-123.7458,2010,0,"SCoBC2023","","",""
"GI-170","Ruxton Island",49.0758,-123.7064,1977,2,"SCoBC2023","","",""
"GI-170","Ruxton Island",49.0758,-123.7064,1978,2,"SCoBC2023","","",""
"GI-170","Ruxton Island",49.0758,-123.7064,1986,2,"SCoBC2023","","",""
"GI-180","Tree Island",49.0608,-123.6978,1977,1,"SCoBC2023","","",""
"GI-180","Tree Island",49.0608,-123.6978,1978,2,"SCoBC2023","","",""
"GI-240","Preedy Rock",48.9675,-123.6756,1978,2,"SCoBC2023","","",""
"GI-290","Shoal Islands",48.9,-123.6667,1974,1,"SCoBC2023","","",""
"GI-290","Shoal Islands",48.9,-123.6667,1978,1,"SCoBC2023","","",""
"GI-310","Vesuvius Bay",48.8811,-123.5733,1986,4,"SCoBC2023","","",""
"GI-340","Wise Rock",48.8978,-123.4389,1977,1,"SCoBC2023","","",""
"GI-340","Wise Rock",48.8978,-123.4389,1978,0,"SCoBC2023","","",""
"GI-370","Galiano Island - South Cliffs",48.8694,-123.3897,1977,1,"SCoBC2023","","",""
"GI-370","Galiano Island - South Cliffs",48.8694,-123.3897,1978,0,"SCoBC2023","","",""
"GI-390","“Gossip” Rock",48.8925,-123.3292,1977,0,"SCoBC2023","","",""
"GI-390","“Gossip” Rock",48.8925,-123.3292,1978,0,"SCoBC2023","","",""
"GI-390","“Gossip” Rock",48.8925,-123.3292,1986,11,"SCoBC2023","","",""
"GI-410","“Long Harbour” Islet",48.8453,-123.4264,1974,3,"SCoBC2023","","",""
"GI-410","“Long Harbour” Islet",48.8453,-123.4264,1977,1,"SCoBC2023","","",""
"GI-410","“Long Harbour” Islet",48.8453,-123.4264,1978,1,"SCoBC2023","","",""
"GI-420","Chain Islands",48.8375,-123.4539,1977,4,"SCoBC2023","","",""
"GI-420","Chain Islands",48.8375,-123.4539,1978,16,"SCoBC2023","","",""
"GI-420","Chain Islands",48.8375,-123.4539,1986,5,"SCoBC2023","","",""
"GI-424","Hawkins Island",48.8403,-123.3717,1977,0,"SCoBC2023","","",""
"GI-424","Hawkins Island",48.8403,-123.3717,1978,0,"SCoBC2023","","",""
"GI-440","Red Islets",48.8161,-123.3561,1977,1,"SCoBC2023","","",""
"GI-440","Red Islets",48.8161,-123.3561,1978,1,"SCoBC2023","","",""
"GI-450","Prevost Island - South Cliffs",48.8128,-123.375,1977,2,"SCoBC2023","","",""
"GI-450","Prevost Island - South Cliffs",48.8128,-123.375,1978,3,"SCoBC2023","","",""
"GI-490","Pine Islet",48.8003,-123.0953,1977,4,"SCoBC2023","","",""
"GI-490","Pine Islet",48.8003,-123.0953,1978,1,"SCoBC2023","","",""
"GI-520","Lyall Harbour - Cliffs",48.8017,-123.1892,1977,0,"SCoBC2023","","",""
"GI-520","Lyall Harbour - Cliffs",48.8017,-123.1892,1986,1,"SCoBC2023","","",""
"GI-540","Croker Rock",48.7731,-123.1961,1977,0,"SCoBC2023","","",""
"GI-540","Croker Rock",48.7731,-123.1961,1978,0,"SCoBC2023","","",""
"GI-560","Blunden Islet",48.7442,-123.1681,1977,0,"SCoBC2023","","",""
"GI-560","Blunden Islet",48.7442,-123.1681,1978,0,"SCoBC2023","","",""
"GI-590","Jackson Rock",48.7539,-123.4283,1977,0,"SCoBC2023","","",""
"GI-590","Jackson Rock",48.7539,-123.4283,1978,1,"SCoBC2023","","",""
"GI-620","Tortoise Islets",48.7161,-123.3686,1977,1,"SCoBC2023","","",""
"GI-620","Tortoise Islets",48.7161,-123.3686,1978,1,"SCoBC2023","","",""
"GI-640","Hatch Point - Wharf",48.6969,-123.5406,1981,2,"SCoBC2023","","",""
"GI-660","Swartz Head Rocks",48.6864,-123.4,1960,270,"SCoBC2023","","",""
"GI-660","Swartz Head Rocks",48.6864,-123.4,1978,1,"SCoBC2023","","",""
"GI-720","Rubly Island",48.6653,-123.3125,1978,0,"SCoBC2023","","",""
"GI-740","Sidney",48.6433,-123.3969,1981,2,"SCoBC2023","","",""
"GI-740","Sidney",48.6433,-123.3969,1986,4,"SCoBC2023","","",""
"GI-800","Ten Mile Point",48.4553,-123.2653,1960,1,"SCoBC2023","","",""
"GI-820","Jemmy Jones Island",48.4444,-123.2728,1978,1,"SCoBC2023","","",""
"GI-930","Victoria",48.425,-123.3694,1986,110,"SCoBC2023","covered","",""
"GI-940","Brothers Islands",48.4253,-123.4342,1981,143,"SCoBC2023","","",""
"SG-020","Copper Cliffs",50.0994,-125.2711,1978,0,"SCoBC2023","","",""
"SG-030","Guide Islets",50.0808,-125.0178,1974,1,"SCoBC2023","","",""
"SG-030","Guide Islets",50.0808,-125.0178,1977,1,"SCoBC2023","","",""
"SG-030","Guide Islets",50.0808,-125.0178,1978,2,"SCoBC2023","","",""
"SG-030","Guide Islets",50.0808,-125.0178,1981,1,"SCoBC2023","","",""
"SG-050","Little Rock",50.0361,-124.9575,1974,1,"SCoBC2023","","",""
"SG-050","Little Rock",50.0361,-124.9575,1977,0,"SCoBC2023","","",""
"SG-050","Little Rock",50.0361,-124.9575,1978,0,"SCoBC2023","","",""
"SG-050","Little Rock",50.0361,-124.9575,1981,1,"SCoBC2023","","",""
"SG-050","Little Rock",50.0361,-124.9575,1986,1,"SCoBC2023","","",""
"SG-055","Ray Rock",50.1108,-124.7228,2010,10,"SCoBC2023","","",""
"SG-060","Powell Islets",50.0417,-124.8531,1974,0,"SCoBC2023","","",""
"SG-060","Powell Islets",50.0417,-124.8531,1977,0,"SCoBC2023","","",""
"SG-060","Powell Islets",50.0417,-124.8531,1978,1,"SCoBC2023","","",""
"SG-060","Powell Islets",50.0417,-124.8531,1981,0,"SCoBC2023","","",""
"SG-100","Powell River",49.8667,-124.5528,1986,6,"SCoBC2023","","",""
"SG-140","Blind Islets",49.7147,-124.2175,1978,0,"SCoBC2023","","",""
"SG-140","Blind Islets",49.7147,-124.2175,1981,0,"SCoBC2023","","",""
"SG-140","Blind Islets",49.7147,-124.2175,1986,2,"SCoBC2023","","",""
"SG-145","“Cockburn” Islets",49.6681,-124.1847,1978,0,"SCoBC2023","","",""
"SG-145","“Cockburn” Islets",49.6681,-124.1847,1981,0,"SCoBC2023","","",""
"SG-148","“Trafalgar” Rock",49.6514,-124.1164,1981,0,"SCoBC2023","","",""
"SG-148","“Trafalgar” Rock",49.6514,-124.1164,1986,1,"SCoBC2023","","",""
"SG-150","Fearney Point",49.6481,-124.0894,1978,0,"SCoBC2023","","",""
"SG-150","Fearney Point",49.6481,-124.0894,1981,0,"SCoBC2023","","",""
"SG-150","Fearney Point",49.6481,-124.0894,1986,1,"SCoBC2023","","",""
"SG-190","Davie Islet",49.6003,-124.3964,1981,0,"SCoBC2023","","",""
"SG-190","Davie Islet",49.6003,-124.3964,1986,3,"SCoBC2023","","",""
"SG-200","Denman Island - West Dock",49.5347,-124.8236,1986,1,"SCoBC2023","","",""
"SG-278","“Sabine” Islets",49.5128,-124.2594,1981,0,"SCoBC2023","","",""
"SG-278","“Sabine” Islets",49.5128,-124.2594,1986,1,"SCoBC2023","","",""
"SG-290","Upwood Islet",49.4886,-124.1342,1981,3,"SCoBC2023","","",""
"SG-300","Sheer Island",49.4869,-124.1714,1981,7,"SCoBC2023","","",""
"SG-300","Sheer Island",49.4869,-124.1714,1986,50,"SCoBC2023","","",""
"SG-302","Rabbit Island",49.4786,-124.175,1981,0,"SCoBC2023","","",""
"SG-302","Rabbit Island",49.4786,-124.175,1986,22,"SCoBC2023","","",""
"SG-305","“Windy” Rock",49.4658,-124.1725,1981,0,"SCoBC2023","","",""
"SG-305","“Windy” Rock",49.4658,-124.1725,1986,1,"SCoBC2023","","",""
"SG-310","Sea Egg Rocks",49.4522,-124.3111,1978,0,"SCoBC2023","","",""
"SG-310","Sea Egg Rocks",49.4522,-124.3111,1981,0,"SCoBC2023","","",""
"SG-310","Sea Egg Rocks",49.4522,-124.3111,1986,5,"SCoBC2023","","",""
"SG-330","Priestland Rocks",49.5078,-123.9128,1981,1,"SCoBC2023","","",""
"SG-340","Jeddah Rocks",49.5019,-123.9467,1981,2,"SCoBC2023","","",""
"SG-360","Franklin Island",49.4667,-123.9192,1960,500,"SCoBC2023","","",""
"SG-360","Franklin Island",49.4667,-123.9192,1974,387,"SCoBC2023","","",""
"SG-360","Franklin Island",49.4667,-123.9192,1977,287,"SCoBC2023","","",""
"SG-360","Franklin Island",49.4667,-123.9192,1978,478,"SCoBC2023","","",""
"SG-360","Franklin Island",49.4667,-123.9192,1981,443,"SCoBC2023","","",""
"SG-360","Franklin Island",49.4667,-123.9192,1986,216,"SCoBC2023","","",""
"SG-360","Franklin Island",49.4667,-123.9192,2010,47,"SCoBC2023","","",""
"SG-380","Porpoise Bay",49.4836,-123.7617,1978,1,"SCoBC2023","","",""
"SG-380","Porpoise Bay",49.4836,-123.7617,1981,1,"SCoBC2023","","",""
"SG-390","Trail Islands",49.4544,-123.815,1974,3,"SCoBC2023","","",""
"SG-390","Trail Islands",49.4544,-123.815,1978,4,"SCoBC2023","","",""
"SG-390","Trail Islands",49.4544,-123.815,1981,5,"SCoBC2023","","",""
"SG-444","Squamish Harbour",49.6822,-123.1742,2010,1,"SCoBC2023","","",""
"SG-450","Bowyer Island",49.4264,-123.2689,1974,0,"SCoBC2023","","",""
"SG-450","Bowyer Island",49.4264,-123.2689,1978,11,"SCoBC2023","","",""
"SG-450","Bowyer Island",49.4264,-123.2689,1981,12,"SCoBC2023","","",""
"SG-505","Kettle Point",49.3622,-123.2867,1981,2,"SCoBC2023","","",""
"SG-520","Eagle Rocks",49.3544,-123.2789,1974,2,"SCoBC2023","","",""
"SG-520","Eagle Rocks",49.3544,-123.2789,1981,17,"SCoBC2023","","",""
"SG-520","Eagle Rocks",49.3544,-123.2789,1986,10,"SCoBC2023","","",""
"SG-520","Eagle Rocks",49.3544,-123.2789,1999,1,"SCoBC2023","","",""
"SG-555","Capilano Lake",49.3639,-123.1097,1974,1,"SCoBC2023","","",""
"SG-570","Barnet",49.2922,-122.9367,1977,2,"SCoBC2023","","",""
"SG-610","Lions Gate Bridge",49.3153,-123.1386,1974,1,"SCoBC2023","covered","",""
"SG-610","Lions Gate Bridge",49.3153,-123.1386,1981,4,"SCoBC2023","covered","",""
"SG-610","Lions Gate Bridge",49.3153,-123.1386,1986,12,"SCoBC2023","covered","",""
"SG-610","Lions Gate Bridge",49.3153,-123.1386,2010,2,"SCoBC2023","covered","",""
"SG-650","Granville Bridge",49.2719,-123.1339,1986,10,"SCoBC2023","covered","",""
"SG-700","Roberts Bank - Superport",49.0194,-123.1619,1981,0,"SCoBC2023","","",""
"SG-730","White Rock",49.0231,-122.7978,2010,1,"SCoBC2023","covered","",""
