Year,Location,Location Description,Site Number,Colony Size Class,Colony Location Class,Count,Type of Info,Lat,Long,Notes,Collector,Source
1974,Ada Island,,1,3,,171,Pair,49.29,-124.0768,,,Campbell 1976
1975,Ada Island,,1,3,,100,Nests,49.29,-124.0768,,K.Kennedy,B.C. Nest Record Scheme
1978,Ada Island,,1,3,,154,Nests,49.29,-124.0768,,MGS TES,B.C Nest Record Scheme
1980,Ada Island,,1,3,,86,Nests,49.29,-124.0768,,,Campbell et al 1990
1981,Ada Island,,1,3,,155,Nests,49.29,-124.0768,,"L Giliberte, M McNall",B.C Nest Record Scheme
1986,Ada Island,,1,3,,124,Nests,49.29,-124.0768,,,Vermeer and Devito 1989
2010,Ada Island,,1,3,,69,Nests,49.29,-124.0768,,,
1977,Anniversary Islet,,2,2,,4,Nests,48.824,-123.1833,,"MS Rodway, RW Campbell",B.C. Nest Record Scheme
1978,Anniversary Islet,,2,2,,50,Nests,48.824,-123.1833,,"HR Carter, MS Rodway",B.C. Nest Record Scheme
2005,Anniversary Islet,,2,2,,0,Nests,48.824,-123.1833,,P. Arcese?,"Unpubl. Data - ""Arcese"" file in GWGU_laura"
1976,Arbutus Island,,3,3,,39,Nests,48.7062,-123.4355,,,Campbell et al 1990
1985,Arbutus Island,,3,3,,115,Nests,48.7062,-123.4355,,,Vermeer and Devito 1989
1986,Arbutus Island,,3,3,,150,Nests,48.7062,-123.4355,,,Vermeer and Devito 1989
1997,Arbutus Island,,3,3,,97,Nests,48.7062,-123.4355,,,Sullivan et al 2002
1999,Arbutus Island,,3,3,,55,Nests,48.7062,-123.4355,,,"Moira Lemon BLOY egg collection 1999, Sullivan et al. 2002"
2005,Arbutus Island,,3,3,,40,Nests,48.7062,-123.4355,,,"Unpubl. Data - ""Haro Gulls"" file in GWGU_laura"
2007,Arbutus Island,,3,3,,35,Nests,48.7062,-123.4355,,,"Unpubl. Data - ""Haro Gulls"" file in GWGU_laura"
2010,Arbutus Island,,3,3,,53,Nests,48.7062,-123.4355,,,
1974,Argyle Rocks,E Beecher Bay,4,1,,0,Nests,48.3218,-123.6019,,"Phil Nott, Gary Seedhouse",B.C. Nest Record Scheme
1978,Argyle Rocks,,4,1,,1,Nest,48.3218,-123.6019,,"H.R. Carter, C.D. Shepard, G.E. Corley-Smith",B.C. Nest Record Scheme
1974,Augustus Point,SW side Kuper Island,5,1,,3,Pair,48.9457,-123.6522,,,Campbell 1976
1978,Augustus Point,,5,1,,3,Nests,48.9457,-123.6522,"Record showed 14 Adults, ""3 setting in nest holes"", so assumed 3 N","HR Carter, MS Rodway",B.C. Nest Record Scheme
1980,Augustus Point,,5,1,,3,,48.9457,-123.6522,10 roosting adults reported so estimated 3 N,"E Perkins, R Gibbs, J Goodall",B.C. Nest Record Scheme
1984,Augustus Point,,5,1,,6,Nests,48.9457,-123.6522,,"L Giliberte, M McNall",B.C. Nest Record Scheme
1952,Ballenas Island,N Cliffs of N islet,6,3,,50,Pair,49.3542,-124.1647,,Mrs. A.G. Waldon,Drent and Guiguet 1961
1953,Ballenas Island,N Cliffs of N islet,6,3,,50,Pair,49.3542,-124.1647,,Mrs. A.G. Waldon,Drent and Guiguet 1961
1954,Ballenas Island,N Cliffs of N islet,6,3,,50,Pair,49.3542,-124.1647,,Mrs. A.G. Waldon,Drent and Guiguet 1961
1955,Ballenas Island,N Cliffs of N islet,6,3,,50,Pair,49.3542,-124.1647,,Mrs. A.G. Waldon,Drent and Guiguet 1961
1956,Ballenas Island,N Cliffs of N islet,6,3,,50,Pair,49.3542,-124.1647,,Mrs. A.G. Waldon,Drent and Guiguet 1961
1968,Ballenas Island,,6,3,,55,Nests,49.3542,-124.1647,,R. Drent,B.C. Nest Record Scheme
1969,Ballenas Island,,6,3,,120,Pair,49.3542,-124.1647,,"W. Campbell, R.G. Fouttit",B.C. Nest Record Scheme
1986,Ballenas Island,,6,3,,0,Nests,49.3542,-124.1647,,,Vermeer & Devito 1989
2006,Ballenas Island,,6,3,,0,Nests,49.3542,-124.1647,,P. Arcese?,"Unpubl. Data - ""Arcese"" file in GWGU_laura"
1936,Ballingall Islets,,7,3,,85,Nests,48.9072,-123.4596,,Sprot 1936,B.C. Nest Record Scheme
1954,Ballingall Islets,,7,3,,1,Nests,48.9072,-123.4596,,,Campbell et al 1990
1959,Ballingall Islets,,7,3,,57,Nests,48.9072,-123.4596,,"MS Rodway, RW Campbell",B.C. Nest Record Scheme
1964,Ballingall Islets,,7,3,,50,Pair,48.9072,-123.4596,,"AJ Brooks, RY Edwardds",B.C. Nest Record Scheme
1966,Ballingall Islets,,7,3,,100,Nests,48.9072,-123.4596,,"MS Rodway, RW Campbell",B.C. Nest Record Scheme
1968,Ballingall Islets,,7,3,,155,Pair,48.9072,-123.4596,Orig est of 150-160 pair,R Best,B.C. Nest Record Scheme
1974,Ballingall Islets,,7,3,,96,Pair,48.9072,-123.4596,,,Campbell 1976
1976,Ballingall Islets,,7,3,,118,Nests,48.9072,-123.4596,,"MS Rodway, RW Campbell",B.C. Nest Record Scheme
1977,Ballingall Islets,,7,3,,118,Nests,48.9072,-123.4596,,"MS Rodway, RW Campbell",B.C. Nest Record Scheme
1986,Ballingall Islets,,7,3,,145,Nests,48.9072,-123.4596,,,Vermeer and Devito 1989
2010,Ballingall Islets,,7,3,,6,Nests,48.9072,-123.4596,,,
1968,Bare Point,,8,2,,1,Pair,48.9284,-123.7047,,R Drent,B.C. Nest Record Scheme
1974,Bare Point,,8,2,,11,Pair,48.9284,-123.7047,,"MS Rodway, RW Campbell",Campbell 1976
1977,Bare Point,,8,2,,8,Nests,48.9284,-123.7047,,"MS Rodway, RW Campbell",B.C. Nest Record Scheme
1978,Bare Point,,8,2,,4,Pair,48.9284,-123.7047,,"HR Carter, MS Rodway",B.C. Nest Record Scheme
1980,Bare Point,,8,2,,0,Nests,48.9284,-123.7047,,"E Perkins, R Gibbs, J Goodall",B.C. Nest Record Scheme
1986,Bare Point,,8,2,,5,Nests,48.9284,-123.7047,,,Vermeer and Devito 1989
1966,Belle Chain Islets,,9,3,,14,Nests,48.8335,-123.2009,Orig est of 12 - 15 pr,RC Best,B.C. Nest Record Scheme
1969,Belle Chain Islets,,9,3,,43,Nests,48.8335,-123.2009,,"R Drent, J Anvik, J&J Ward",B.C. Nest Record Scheme
1974,Belle Chain Islets,,9,3,,6,Pair,48.8335,-123.2009,,,Campbell 1976
1976,Belle Chain Islets,,9,3,,6,Nests,48.8335,-123.2009,,,B.C. Nest Record Scheme
1977,Belle Chain Islets,,9,3,,25,Nests,48.8335,-123.2009,,"MS Rodway, RW Campbell",B.C. Nest Record Scheme
1980,Belle Chain Islets,,9,3,,37,Nests,48.8335,-123.2009,,"E Perkins, R Gibbs, J Goodall",B.C. Nest Record Scheme
1981,Belle Chain Islets,,9,3,,78,Nests,48.8335,-123.2009,,"M McNall, S Webb, L Giliberti",B.C. Nest Record Scheme
1986,Belle Chain Islets,,9,3,,56,Nests,48.8335,-123.2009,,,Vermeer and Devito 1989
2009,Belle Chain Islets,,9,3,,18,Nests,48.8335,-123.2009,,T. Golumbia,Todd Golumbia pers. comm. 2009
1974,Bird Islet,,10,2,,3,Nests,49.3633,-123.2914,,,Moira Lemon
1981,Bird Islet,,10,2,,2,Nests,49.3633,-123.2914,,,Moira Lemon
1986,Bird Islet,,10,2,,38,Nests,49.3633,-123.2914,,,Vermeer and Devito 1989
1999,Bird Islet,,10,2,,31,Nests,49.3633,-123.2914,,,"Moira Lemon, Sullivan et al. 2002"
2010,Bird Islet,,10,2,,15,Nests,49.3633,-123.2914,,,
1974,Canoe Islet,,11,3,,67,Pair,49.0282,-123.5887,,,Campbell 1976
1976,Canoe Islet,,11,3,,37,Pair,49.0282,-123.5887,,"MS Rodway, RW Campbell",B.C. Nest Record Scheme
1977,Canoe Islet,,11,3,,57,Pair,49.0282,-123.5887,,"MS Rodway, RW Campbell",B.C. Nest Record Scheme
1978,Canoe Islet,,11,3,,50,Nests,49.0282,-123.5887,,"HR Carter, MS Rodway, JA Rodway, MJ Sowden",B.C. Nest Record Scheme
1986,Canoe Islet,,11,3,,56,Nests,49.0282,-123.5887,,,Vermeer and Devito 1989
1943,Chain Islets and Great Chain Island,,12,5,,80,Nests,48.4223,-123.2653,,T White,B.C. Nest Record Scheme
1955,Chain Islets and Great Chain Island,,12,5,,1000,Pair,48.4223,-123.2653,,D. Stirling,Drent and Guiguet 1961
1960,Chain Islets and Great Chain Island,,12,5,,850,Pair,48.4223,-123.2653,Orig est of 700-1000 pr,F.A. Gornall,Drent and Guiguet 1961
1968,Chain Islets and Great Chain Island,,12,5,,1754,,48.4223,-123.2653,Combined R Drent ests for Grt Chain & islets,,
1973,Chain Islets and Great Chain Island,,12,5,,1550,Pair,48.4223,-123.2653,,,B.C Nest Record Scheme
1974,Chain Islets and Great Chain Island,,12,5,,1764,Pair,48.4223,-123.2653,,,Campbell 1976
1976,Chain Islets and Great Chain Island,,12,5,,1825,Pair,48.4223,-123.2653,,,B.C Nest Record Scheme
1977,Chain Islets and Great Chain Island,,12,5,,1838,Pair,48.4223,-123.2653,,,B.C Nest Record Scheme
1986,Chain Islets and Great Chain Island,,12,5,,2432,Nests,48.4223,-123.2653,,Vermeer et al 1989,Rodway 1991
2009,Chain Islets and Great Chain Island,,12,5,,1410,Nests,48.4223,-123.2653,,"L Blight, H Carter, T Osler, A Medve",Oak Bay islands GWGU nest counts 2009
1977,Channel Islands,NE Islet,13,1,,1,Nest,48.8014,-123.3818,,"MS Rodway, RW Campbell",B.C. Nest Record Scheme
2004,Channel Islands,,13,1,,0,Nests,48.8014,-123.3818,,P. Arcese?,"Unpubl. Data - ""Arcese"" file in GWGU_laura"
1941,Christie Island,,14,5,,1,Nest,49.4996,-123.302,,WSM collection,Drent and Guiguet 1961
1949,Christie Island,,14,5,,2,Nests,49.4996,-123.302,,WSM collection,Drent and Guiguet 1961
1955,Christie Island,,14,5,,247,Nests,49.4996,-123.302,,"Wm. Hughes, BCNRS",Drent and Guiguet 1961
1956,Christie Island,,14,5,,419,Nests,49.4996,-123.302,,"Wm. Hughes, BCNRS",Drent and Guiguet 1961
1958,Christie Island,,14,5,,219,Nests,49.4996,-123.302,,"Wm. Merilees and G.M McKay, BCNRS",Drent and Guiguet 1961
1959,Christie Island,,14,5,,299,Nests,49.4996,-123.302,,"Wm. Merilees and G.M McKay, BCNRS",Drent and Guiguet 1961
1963,Christie Island,,14,5,,300,Pair,49.4996,-123.302,,,B.C. Nest Record Scheme
1968,Christie Island,,14,5,,293,Pair,49.4996,-123.302,Orig est 285-300 pr,R and N Drent,B.C. Nest Record Scheme
1971,Christie Island,,14,5,,300,Pair,49.4996,-123.302,,,B.C. Nest Record Scheme
1974,Christie Island,,14,5,,477,Nests,49.4996,-123.302,,,Campbell 1975
1978,Christie Island,,14,5,,718,Nests,49.4996,-123.302,,,Moira Lemon
1980,Christie Island,,14,5,,499,Nests,49.4996,-123.302,,"P Nott, M McNall",B.C. Nest Record Scheme
1981,Christie Island,,14,5,,558,Nests,49.4996,-123.302,,RW Campbell,B.C Nest Record Scheme
1986,Christie Island,,14,5,,454,Nests,49.4996,-123.302,,,Vermeer and Devito 1989
1999,Christie Island,,14,5,,232,Nests,49.4996,-123.302,,,Sullivan et al 2002
2010,Christie Island,,14,5,,198,Nests,49.4996,-123.302,,,
1935,Chrome Island,,15,3,,150,Pair 'plus young',49.4721,-124.6845,Listed as 'Yellow I',,Munro & Cowan 1947
1974,Chrome Island,,15,3,,1,Pair,49.4721,-124.6845,,,Campbell 1976
1986,Chrome Island,,15,3,,3,Nests,49.4721,-124.6845,,,Vermeer and Devito 1989
2010,Chrome Island,,15,3,,1,Nests,49.4721,-124.6845,,,
1974,Church Island,,16,1,,3,Pair,48.3081,-123.5882,,,Campbell 1976
1977,Church Island,,16,1,,0,Pair,48.3081,-123.5882,,,B.C. Nest Record Scheme
1977,De Courcy Island,,17,1,,3,Nests,49.1106,-123.7576,,"MS Rodway, RW Campbell",B.C. Nest Record Scheme
1986,De Courcy Island,NW cliffs,17,1,,2,Nests,49.1106,-123.7576,,,Vermeer and Devito 1989
2010,De Courcy Island,NW cliffs,17,1,,0,Nests,49.1106,-123.7576,,,
1986,Denman Island,Gravelly Bay Ferry Dock,18,1,,1,Nest,49.4939,-124.7086,,,Vermeer and Devito 1989
1986,Denman Island,Gravelly Bay Ferry Dock,18,1,,1,Nest,49.4939,-124.7086,,,
1978,Dinner Islet,,19,1,,0,Birds present,49.9462,-124.7229,,"M.G and T.E Shepard, GE Colby",B.C Nest Record Scheme
1981,Dinner Islet,,19,1,,0,Birds present - 1 adult seen flushed up by Eagle,49.9462,-124.7229,,W Campbell,B.C Nest Record Scheme
2006,Dinner Islet,,19,1,,0,Pair,49.9462,-124.7229,,Rob Butler,Rob Butler pers. comm. 2009
1977,Dock Island,,,2,,48,Pair,48.6709,-123.3577,Orig est 45-50,,B.C. Nest Record Scheme
2010,Dock Island,,,2,,0,Nests,48.6709,-123.3577,,Todd Golumbia,Todd Golumbia pers. comm. 2009
1974,Eagle Harbour,,,1,,2,Pair,49.3517,-123.2711,,,Campbell 1976
1974,Fegan Islets,,,1,,2,Pair,49.5297,-124.3802,,,Campbell 1976
1986,Fegan Islets,,,1,,1,Nest,49.5297,-124.3802,,,Vermeer and Devito 1989
1974,Finnerty Islands,,,1,,10,Pair,49.5004,-124.393,,,Campbell 1976
1981,Finnerty Islands,,,1,,6,Pair,49.5004,-124.393,,R W Campbell,B.C Nest Record Scheme
1986,Finnerty Islands,,,1,,4,Nests,49.5004,-124.393,,,Vermeer and Devito 1989
1959,Five Finger Island,Outermost,,5,,5,Nests,49.2312,-123.916,,Wm. Merilees,Drent and Guiguet 1961
1968,Five Finger Island,,,5,,110,Nests,49.2312,-123.916,,R and J Drent,Campbell et al 1990
1974,Five Finger Island,,,5,,559,Pair,49.2312,-123.916,,,Campbell 1976
1977,Five Finger Island,,,5,,459,Nests,49.2312,-123.916,,,Moira Lemon
1978,Five Finger Island,,,5,,473,Nests,49.2312,-123.916,,,Moira Lemon
1980,Five Finger Island,,,5,,364,Nests,49.2312,-123.916,,,Moira Lemon
1981,Five Finger Island,,,5,,599,Nests,49.2312,-123.916,,,Moira Lemon
1986,Five Finger Island,,,5,,671,Nests,49.2312,-123.916,,,Vermeer and Devito 1989
1999,Five Finger Island,,,5,,288,Nests,49.2312,-123.916,,,Sullivan et al 2002
2010,Five Finger Island,,,5,,2,Nests,49.2312,-123.916,,,
1974,Gabriola Island,Cliffs,,1,,4,Pair,49.1548,-123.7857,,"MS Rodway, RW Campbell",Campbell 1976
1977,Gabriola Island,Cliffs,,1,,5,Nests,49.1548,-123.7857,,"MS Rodway, RW Campbell",B.C. Nest Record Scheme
2010,Gabriola Island,Cliffs,,1,,4,Nests,49.1548,-123.7857,"Rob's note said 'a few', and I noted a couple from the ferry in summer 2010 but didn't note number",R Butler,"R Butler, email 8 June 2010"
1976,Galiano Island,Cliffs NW of Gray Pen.,,1,,4,Nests,48.9059,-123.4158,,"MS Rodway, RW Campbell",B.C. Nest Record Scheme
1977,Galiano Island,Cliffs NW of Gray Pen.,,1,,1,Nest,48.9059,-123.4158,,"MS Rodway, RW Campbell",B.C. Nest Record Scheme
1977,Galiano Island,Cliffs,,1,,2,Nests,48.98,-123.5701,,"MS Rodway, RW Campbell",B.C. Nest Record Scheme
1985,Galiano Island,Cliffs,,1,,6,Nests,48.98,-123.5701,,,Vermeer and Devito 1989
1986,Galiano Island,Cliffs,,1,,6,Nests,48.98,-123.5701,,,Vermeer and Devito 1989
1974,Grebe Islets,,,3,,7,Pair,49.341,-123.2756,,R.W. Campbell,Campbell 1976
1978,Grebe Islets,,,3,,12,Nests,49.341,-123.2756,,,Moira Lemon
1980,Grebe Islets,,,3,,24,Nests,49.341,-123.2756,,"P Nott, M McNall",B.C. Nest Record Scheme
1981,Grebe Islets,,,3,,22,Nests,49.341,-123.2756,,,Moira Lemon
1986,Grebe Islets,,,3,,108,Nests,49.341,-123.2756,,Vermeer et al 1989,Rodway 1991
1999,Grebe Islets,,,3,,257,Nests,49.341,-123.2756,,,Sullivan et al 2002
2010,Grebe Islets,,,3,,33,Nests,49.341,-123.2756,,,
1963,Greig Island,,,3,,33,Pair,48.6783,-123.3389,Orig est 30-35,G McKay,B.C. Nest Record Scheme
1973,Greig Island,,,3,,35,Pair,48.6783,-123.3389,,,B.C Nest Record Scheme
1974,Greig Island,,,3,,40,Pair,48.6783,-123.3389,,,Campbell 1976
1981,Greig Island,,,3,,53,Nests,48.6783,-123.3389,,"M McNall, R Kool",B.C. Nest Record Scheme
1985,Greig Island,,,3,,45,Nests,48.6783,-123.3389,,,Vermeer and Devito 1989
1986,Greig Island,,,3,,52,Nests,48.6783,-123.3389,,,Vermeer and Devito 1989
1997,Greig Island,,,3,,5,Nests,48.6783,-123.3389,,,Sullivan et al 2002
1999,Greig Island,,,3,,14,Nests,48.6783,-123.3389,,,"Moira Lemon BLOY egg collection 1999, Sullivan et al. 2002"
2009,Greig Island,,,3,,17,Nests,48.6783,-123.3389,,T. Golumbia,Todd Golumbia pers. comm. 2009
1977,Harris Island,,,2,,28,Nests,48.4233,-123.2897,,M G Shepard,B.C. Nest Record Scheme
1981,Harris Island,,,2,,19,Nests,48.4233,-123.2897,,"E Taylor, L Giliberti, M McNall",B.C. Nest Record Scheme
1986,Harris Island,,,2,,22,Nests,48.4233,-123.2897,,,Vermeer and Devito 1989
1971,Harris Island (Oak Bay Is),,,2,,41,Nests,48.4233,-123.2897,,,B.C Nest Record Scheme
1986,Hodgson Islands,,,1,,1,Nest,49.6301,-124.0808,,,Vermeer and Devito 1989
2006,Hodgson Islands,,,1,,0,Nests. 20 GWGU,49.6301,-124.0808,,Rob Butler,Rob Butler pers.comm. 2009
1938,Hornby Island,Bluffs,,2,,30,Pair,49.5236,-124.5925,,Pearse 1956,Drent and Guiguet 1961
1960,Hornby Island,Bluffs,,,,0,Nests. 70 adults counted,49.5236,-124.5925,,Mr.G.E. Seon,Drent and Guiguet 1961
1968,Hornby Island,St. John Point,,2,,0,Nests,49.518,-124.5863,,GE Seon,B.C. Nest Record Scheme
1974,Hornby Island,St. John Point,,2,,5,Pair,49.518,-124.5863,,,Campbell 1976
1977,Hornby Island,Bluffs,,2,,1,Nest,49.5236,-124.5925,,D Thompson,B.C. Nest Record Scheme
1986,Hornby Island,St. John Point,,2,,6,Nests,49.518,-124.5863,,,Vermeer and Devito 1989
1956,Horseshoe Bay,Cliff 2 miles N,,1,,1,Pair,49.3993,-123.2512,,A. Muir,Drent and Guiguet 1961
1957,Horseshoe Bay,Cliff 2 miles N,,1,,1,Pair,49.3993,-123.2512,,A. Muir,Drent and Guiguet 1961
1974,Horseshoe Bay,,,1,,1,Pair,49.3993,-123.2512,,,Campbell 1976
1959,Hudson Rocks,,,4,,80,Pair. 75 pair with juveniles and 5 nests with eggs,49.2261,-123.9254,,Wm. Merilees,Drent and Guiguet 1961
1960,Hudson Rocks,,,4,,38,Nests,49.2261,-123.9254,,K Vermeer,B.C Nest Record Scheme
1968,Hudson Rocks,,,4,,79,Pair,49.2261,-123.9254,,R and J Drent,B.C. Nest Record Scheme
1974,Hudson Rocks,,,4,,248,Nests,49.2261,-123.9254,,,Moira Lemon
1977,Hudson Rocks,,,4,,259,Nests,49.2261,-123.9254,,,Moira Lemon
1978,Hudson Rocks,,,4,,236,Nests,49.2261,-123.9254,,,Moira Lemon
1980,Hudson Rocks,,,4,,226,Nests,49.2261,-123.9254,,,Moira Lemon
1981,Hudson Rocks,,,4,,308,Nests,49.2261,-123.9254,,,Moira Lemon
1986,Hudson Rocks,,,4,,247,Nests,49.2261,-123.9254,,,Vermeer and Devito 1989
1999,Hudson Rocks,,,4,,122,Nests,49.2261,-123.9254,,,"Moira Lemon, Sullivan et al. 2002"
2010,Hudson Rocks,,,4,,10,Nests,49.2261,-123.9254,,,
1905,Imrie Island,,,3,,0,Nesting sea birds,48.6944,-123.3332,,Dawson and Edson,Drent and Guiguet 1961
1935,Imrie Island,,,3,,150,Pair,48.6944,-123.3332,,JA Munro,B.C. Nest Record Scheme
1945,Imrie Island,North half of island,,3,,150,Adults,48.6944,-123.3332,,Meugens,Drent and Guiguet 1961
1959,Imrie Island,,,3,,200,Nests. 168 nests actually counted but due to long grass estimate was made at 200.,48.6944,-123.3332,,"R., J.J., & J. Drent",Drent and Guiguet 1961
1960,Imrie Island,,,3,,295,Pair. 270 Nests actually counted but due to long grass estimate was made of 290-300 pairs.,48.6944,-123.3332,Orig est 290-300,"MS Rodway, RW Campbell",B.C. Nest Record Scheme
1968,Imrie Island,,,3,,250,Nests,48.6944,-123.3332,Orig est 200-300,R and N Drent,B.C. Nest Record Scheme
1974,Imrie Island,,,3,,298,Pair,48.6944,-123.3332,,,Campbell 1976
1977,Imrie Island,,,3,,315,Nests. (299 +16 flooded),48.6944,-123.3332,,R Hunter,B.C. Nest Record Scheme
1978,Imrie Island,,,3,,355,Nests,48.6944,-123.3332,,,Campbell et al 1990
1985,Imrie Island,,,3,,120,Nests,48.6944,-123.3332,,,Vermeer and Devito 1989
1986,Imrie Island,,,3,,216,Nests,48.6944,-123.3332,,,Vermeer and Devito 1989
1997,Imrie Island,,,3,,33,Nests,48.6944,-123.3332,,,Sullivan et al 2002
1999,Imrie Island,,,3,,41,Nests,48.6944,-123.3332,,,"Moira Lemon BLOY egg collection 1999, Sullivan et al. 2002"
2005,Imrie Island,,,3,,1,Nests,48.6944,-123.3332,,,"Unpubl. Data - ""Haro Gulls"" file in GWGU_laura"
2007,Imrie Island,,,3,,0,Nests,48.6944,-123.3332,,,"Unpubl. Data - ""Haro Gulls"" file in GWGU_laura"
1999,Inskip Rock,,,1,,0,Nests,49.2085,-123.9538,,,Moira Lemon BLOY egg collection 1999
1900,Java Islets,,,5,,35,Pair,48.7603,-123.1138,,H. Spalding,Drent and Guiguet 1961
1959,Java Islets,,,5,,372,Nests,48.7603,-123.1138,,"MS Rodway, RW Campbell",B.C. Nest Record Scheme
1968,Java Islets,,,5,,464,Nests,48.7603,-123.1138,,R and J Drent,B.C. Nest Record Scheme
1969,Java Islets,,,5,,531,Nests,48.7603,-123.1138,,"R Drent, J Anvik, J&J Ward",B.C. Nest Record Scheme
1974,Java Islets,,,5,,372,Nests,48.7603,-123.1138,,,Campbell 1976
1977,Java Islets,,,5,,374,Nests,48.7603,-123.1138,,"MS Rodway, RW Campbell",B.C. Nest Record Scheme
1980,Java Islets,,,5,,181,Nests,48.7603,-123.1138,,,Campbell et al 1990
1981,Java Islets,,,5,,384,Nests,48.7603,-123.1138,,"R Gibb, C Gibb, M Hodgson",B.C. Nest Record Scheme
1986,Java Islets,,,5,,298,Nests,48.7603,-123.1138,,,Vermeer and Devito 1989
2005,Java Islets,,,5,,52,Nests,48.7603,-123.1138,,Todd Golumbia,Todd Golumbia pers. comm. 2009
2007,Java Islets,,,5,,20,Nests,48.7603,-123.1138,,Todd Golumbia,Todd Golumbia pers. comm. 2009
2008,Java Islets,,,5,,17,Nests,48.7603,-123.1138,,Todd Golumbia,Todd Golumbia pers. comm. 2009
2009,Java Islets,,,5,,25,Nests,48.7603,-123.1138,,Todd Golumbia,Todd Golumbia pers. comm. 2009
1970,Keefer Rock,,,2,,7,Nests,49.9684,-124.8775,,"R Foottit, R Butler, W Merilee",B.C. Nest Record Scheme
1973,Keefer Rock,,,2,,7,Pair,49.9684,-124.8775,,Rob and Sharon Butler,B.C Nest Record Scheme
1974,Keefer Rock,,,2,,7,Pair,49.9684,-124.8775,,,Campbell 1976
1977,Keefer Rock,,,2,,20,Pair,49.9684,-124.8775,,,B.C Nest Record Scheme
1986,Keefer Rock,,,2,,28,Nests,49.9684,-124.8775,,,Vermeer and Devito 1989
2006,Keefer Rock,,,2,,0,GWGU,49.9684,-124.8775,,Rob Butler,Rob Butler pers. comm. 2009
1972,Kuper Island,,,2,,4,Nests,48.9359,-123.6317,,J Cooper,B.C Nest Record Scheme
1974,Kuper Island,,,2,,10,Nests,48.9359,-123.6317,,"MS Rodway, RW Campbell",B.C Nest Record Scheme
1976,Kuper Island,,,2,,11,Nests,48.9359,-123.6317,,"MS Rodway, RW Campbell",B.C Nest Record Scheme
1977,Kuper Island,,,2,,6,Nests,48.9359,-123.6317,,"MS Rodway, RW Campbell",B.C Nest Record Scheme
1986,Kuper Island,Cliffs and cliff cavities,,2,,8,Nests,48.9359,-123.6317,,,Vermeer and Devito 1989
1977,Lion Islets,,,1,,2,Nests,48.9009,-123.3372,,"MS Rodway, RW Campbell",B.C. Nest Record Scheme
1986,Lion Islets,,,1,,1,Nest,48.9009,-123.3372,,,Vermeer and Devito 1989
1986,Little Group Islets,,,1,,6,Nests,48.6708,-123.3578,,,Vermeer and Devito 1989
1997,Little Group Islets,,,1,,3,Nests,48.6708,-123.3578,,,Sullivan et al 2002
1999,Little Group Islets,,,1,,1,Nests,48.6708,-123.3578,,,Moira Lemon BLOY egg collection 1999
2010,Little Group Islets,,,1,,0,Nests,48.6708,-123.3578,,,
1974,Little Rock,Caution - see notes,,1,,1,Pair,50.0526,-124.9136,,,Campbell 1976
1986,Little Rock,Caution - see notes,,1,,1,Nest,50.1581,-125.0945,,,Vermeer and Devito 1989
2006,Little Rock,Caution - see notes,,1,,0,"Nests (Orig notes read ""GWGU 2' where notes for other colonies mention pairs or nests)",50.0526,-124.9136,,Rob Butler,Rob Butler pers. comm. 2009
1970,Major Islet,,,1,,1,Nests,49.989,-124.8165,,"R Foottit, R Butler, W Merilee",B.C. Nest Record Scheme
1974,Major Islet,,,1,,3,Pair,49.989,-124.8165,,,Campbell 1976
1978,Major Islet,,,1,,1,Pair,49.989,-124.8165,,MGS TES,B.C. Nest Record Scheme
2006,Major Islet,,,1,,0,Pair,49.989,-124.8165,,Rob Butler,Rob Butler pers. comm. 2009
1915,Mandarte Island,,,5,,450,Pair.,48.6339,-123.29,,"MS Rodway, RW Campbell",B.C. Nest Record Scheme
1921,Mandarte Island,,,5,,350,Pair,48.6339,-123.29,,"MS Rodway, RW Campbell",B.C. Nest Record Scheme
1923,Mandarte Island,,,5,,600,Pair,48.6339,-123.29,,JA Munro,B.C. Nest Record Scheme
1927,Mandarte Island,,,5,,1000,Pair,48.6339,-123.29,,Munro 1929,B.C. Nest Record Scheme
1936,Mandarte Island,,,5,,534,Nests,48.6339,-123.29,,"MS Rodway, RW Campbell",B.C. Nest Record Scheme
1955,Mandarte Island,,,5,,1500,Pair,48.6339,-123.29,,"MS Rodway, RW Campbell",B.C. Nest Record Scheme
1957,Mandarte Island,,,5,,1900,Pair,48.6339,-123.29,Orig est 1800-2000,G.F. van Tets and other UBCers,Drent and Guiguet 1961
1958,Mandarte Island,,,5,,1900,Pair,48.6339,-123.29,Orig est 1800-2000,G.F. van Tets and other UBCers,Drent and Guiguet 1961
1959,Mandarte Island,,,5,,1900,Pair,48.6339,-123.29,Orig est 1800-2000,G.F. van Tets and other UBCers,Drent and Guiguet 1961
1960,Mandarte Island,,,5,,1900,Pair,48.6339,-123.29,Orig est 1800-2000,G.F. van Tets and other UBCers,Drent and Guiguet 1961
1961,Mandarte Island,,,5,,1500,Pair,48.6339,-123.29,,GC Carl,B.C. Nest Record Scheme
1962,Mandarte Island,,,5,,2100,Pair,48.6339,-123.29,,Drent et al,B.C. Nest Record Scheme
1969,Mandarte Island,,,5,,2000,Pair,48.6339,-123.29,,"MS Rodway, RW Campbell",B.C. Nest Record Scheme
1970,Mandarte Island,,,5,,2500,Pair,48.6339,-123.29,,I Robertson,B.C. Nest Record Scheme
1971,Mandarte Island,,,5,,2000,Nests,48.6339,-123.29,,J Ward,B.C Nest Record Scheme
1974,Mandarte Island,,,5,,1047,Pair,48.6339,-123.29,,,Campbell 1976
1977,Mandarte Island,,,5,,1666,Pair,48.6339,-123.29,,"MS Rodway, RW Campbell",B.C. Nest Record Scheme
1985,Mandarte Island,,,5,,2157,Pair,48.6339,-123.29,,,Louise - late record
1986,Mandarte Island,,,5,,2259,Nests,48.6339,-123.29,,,Vermeer and Devito 1989
1997,Mandarte Island,,,5,,2124,Nests,48.6339,-123.29,,,Sullivan et al 2002
2005,Mandarte Island,,,5,,1700,Nests,48.6339,-123.29,,P. Arcese?,Unpubl. Data - Haro Gulls file
2007,Mandarte Island,,,5,,1100,Nests,48.6339,-123.29,,P. Arcese?,Unpubl. Data - Haro Gulls file
2009,Mandarte Island,,,5,,1892,Nests,48.6339,-123.29,,"L Blight, H Carter, T Osler, A Medve",Mandarte Island GWGU nest counts 2009
1962,Mandarte South Islet,,,3,,100,Pair,48.6314,-123.2808,,,Drent et al 1964
1974,Mandarte South Islet,,,3,,71,Nests,48.6314,-123.2808,,BC Provincial Museum,B.C. Nest Record Scheme
1977,Mandarte South Islet,,,3,,71,Nests,48.6314,-123.2808,,,B.C Nest Record Scheme
1980,Mandarte South Islet,,,3,,106,Nests,48.6314,-123.2808,,,B.C. Nest Record Scheme
1985,Mandarte South Islet,,,3,,100,Nests,48.6314,-123.2808,,,Vermeer and Devito 1989
1986,Mandarte South Islet,165m SE of Mandarte,,3,,104,Nests,48.6314,-123.2808,,,Vermeer and Devito 1989
1997,Mandarte South Islet,,,3,,97,Nests,48.6314,-123.2808,,,Sullivan et al 2002
2007,Mandarte South Islet,,,3,,0,Nests,48.6314,-123.2808,Don't think I believe this - there were at least 20 N there in 2008,P. Arcese?,"Unpubl. Data - ""Arcese"" file in GWGU_laura"
2010,Mandarte South Islet,,,3,,28,Nests,48.6314,-123.2808,,,
1986,Mary Tod Island,,,1,,1,Nest,48.4275,-123.2987,,,Vermeer and Devito 1989
2007,Mary Tod Island,,,1,,2,Nests,48.4275,-123.2987,,L Blight from boat survey,Oak Bay islands GWGU nest counts 2009
1986,Maude Island,,,1,,2,Nests,49.2704,-124.0816,,,Vermeer and Devito 1989
2010,Maude Island,,,1,,0,Nests,49.2704,-124.0816,,,
1969,McRae Islet,,,4,,97,Nests,49.7435,-124.2927,,,Campbell et al 1990
1974,McRae Islet,,,4,,97,Pair,49.7435,-124.2927,,,Campbell 1976
1986,McRae Islet,,,4,,262,Nests,49.7435,-124.2927,,,Vermeer and Devito 1989
1950,Merry Island and Franklin Rock,,,5,,800,Pair,49.4694,-123.9176,"Orig est 700-800, but separately for Merry & Franklin were 700-800 & 100","J.A. Brooks, Fisheries Guardian",Drent and Guiguet 1961
1960,Merry Island and Franklin Rock,,,5,,600,Pair,49.4694,-123.9176,,,B.C Nest Record Scheme
1968,Merry Island and Franklin Rock,,,5,,395,Pair,49.4694,-123.9176,,,B.C Nest Record Scheme
1974,Merry Island and Franklin Rock,,,5,,1005,Pair,49.4694,-123.9176,"Orig data point said 639, but sum from Campbell 1976 is 1005",,B.C Nest Record Scheme
1975,Merry Island and Franklin Rock,,,5,,622,Pair,49.4694,-123.9176,Orig data point of 581 is not sum of sep Merry & Franklin counts,,B.C Nest Record Scheme
1976,Merry Island and Franklin Rock,,,5,,779,Pair,49.4694,-123.9176,,,B.C Nest Record Scheme
1986,Merry Island and Franklin Rock,,,5,,228,Nests,49.4694,-123.9176,Sum of Vermeer & Devito counts,,
2006,Merry Island and Franklin Rock,,,5,,100,Pair,49.4694,-123.9176,Rob Butler est for Franklin; assume 0 on Merry,,
2010,Merry Island and Franklin Rock,,,5,,46,Nests,49.4694,-123.9176,3 N on Merry,,LKB & TO
1968,Miami Islet,,,3,,25,Pair,49.0375,-123.7095,,R and J Drent,B.C. Nest Record Scheme
1974,Miami Islet,,,3,,52,Pair,49.0375,-123.7095,,,Campbell 1976
1977,Miami Islet,,,3,,43,Nests,49.0375,-123.7095,,"L Milnes, M Rodway",B.C. Nest Record Scheme
1980,Miami Islet,,,3,,17,Nests,49.0375,-123.7095,,"E Perkins, R Gibbs, J Goodall",B.C Nest Record Scheme
1981,Miami Islet,,,3,,19,Nests,49.0375,-123.7095,,"G Kiaser, S Webb, L Giliberti, M McNall",B.C Nest Record Scheme
1986,Miami Islet,,,3,,38,Nests,49.0375,-123.7095,,,Vermeer and Devito 1989
2010,Miami Islet,,,3,,5,Nests,49.0375,-123.7095,,,
1922,Mitlenatch Island,,,5,,500,Pair,49.9506,-125.005,,"T Pearse, Taverner, HM Laing, E Jackson",B.C. Nest Record Scheme
1923,Mitlenatch Island,,,5,,600,Nests. Est 1500 individuals,49.9506,-125.005,,Mr. R. M. Stewart,Pearse 1923
1927,Mitlenatch Island,,,5,,150,Nests,49.9506,-125.005,,Pearse 1929,Drent and Guiguet 1961
1928,Mitlenatch Island,,,5,,400,Pair,49.9506,-125.005,,Pearse 1929,Drent and Guiguet 1961
1959,Mitlenatch Island,,,5,,600,Pair,49.9506,-125.005,,D. Stirling BCNRS,Drent and Guiguet 1961
1960,Mitlenatch Island,,,5,,1200,Pair,49.9506,-125.005,,D Stirling,B.C. Nest Record Scheme
1960,Mitlenatch Island,,,5,,900,Pair,49.9506,-125.005,,"R Barnes, WJ Merilees",B.C. Nest Record Scheme
1963,Mitlenatch Island,,,5,,3000,Pair,49.9506,-125.005,,,B.C. Nest Record Scheme
1965,Mitlenatch Island,,,5,,3000,Pair,49.9506,-125.005,,,B.C. Nest Record Scheme
1967,Mitlenatch Island,,,5,,3500,Pair,49.9506,-125.005,,Rob Butler,B.C. Nest Record Scheme
1969,Mitlenatch Island,,,5,,3000,Pair,49.9506,-125.005,,,B.C. Nest Record Scheme
1970,Mitlenatch Island,,,5,,100,Nests,49.9506,-125.005,,"DR Drent, R Foottit",B.C. Nest Record Scheme
1973,Mitlenatch Island,,,5,,286,Nests,49.9506,-125.005,,,B.C Nest Record Scheme
1974,Mitlenatch Island,,,5,,1632,Pair,49.9506,-125.005,,,Campbell 1976
1977,Mitlenatch Island,,,5,,987,Pair,49.9506,-125.005,,,B.C. Nest Record Scheme
1986,Mitlenatch Island,,,5,,2100,Nests,49.9506,-125.005,,,Vermeer and Devito 1989
2010,Mitlenatch Island,,,5,,1152,Nests,49.9506,-125.005,,,
1986,Mouat Islands,,,2,,35,Nests,49.6375,-124.4701,,,Vermeer and Devito 1989
2006,Mouat Islands,,,2,,45,Nests,49.6375,-124.4701,,Rob Butler,Rob Butler pers. comm. 2009
1961,Nanoose Bay Island,,,3,,75,Pair,49.2629,-124.1805,,,
1963,Nanoose Bay Island,,,3,,100,Pair,49.2629,-124.1805,,,
1960,Norris Rocks,,,4,,20,Pairs,49.4839,-124.648,,R and J Drent,B.C. Nest Record Scheme
1968,Norris Rocks,,,4,,17,Nests,49.4839,-124.648,,,Campbell et al 1990
1974,Norris Rocks,,,4,,85,Pair,49.4839,-124.648,,,B.C. Nest Record Scheme
1975,Norris Rocks,,,4,,170,Nests,49.4839,-124.648,,K. Kennedy,B.C. Nest Record Scheme
1977,Norris Rocks,,,4,,104,Pair,49.4839,-124.648,,MG Shepard,B.C Nest Record Scheme
1978,Norris Rocks,,,4,,58,Nests,49.4839,-124.648,,MGS TES,B.C Nest Record Scheme
1981,Norris Rocks,,,4,,111,Nests,49.4839,-124.648,,"M McNall, A Burger",B.C Nest Record Scheme
1986,Norris Rocks,,,4,,287,Nests,49.4839,-124.648,,,Vermeer and Devito 1989
2010,Norris Rocks,,,4,,111,Nests,49.4839,-124.648,,,
1956,Pam Rocks,,,3,,10,Pair. 7-8 nests examined,49.4878,-123.2985,,J.K. Cooper,Drent and Guiguet 1961
1963,Pam Rocks,,,3,,7,Nests,49.4878,-123.2985,,,B.C Nest Record Scheme
1968,Pam Rocks,,,3,,109,Pair,49.4878,-123.2985,,,B.C. Nest Record Scheme
1969,Pam Rocks,,,3,,99,Pair,49.4878,-123.2985,,,B.C Nest Record Scheme
1971,Pam Rocks,,,3,,30,Nests,49.4878,-123.2985,,GR Waters,B.C Nest Record Scheme
1974,Pam Rocks,,,3,,121,Pair,49.4878,-123.2985,,,Campbell 1976
1978,Pam Rocks,,,3,,151,Nests,49.4878,-123.2985,,,Moira Lemon
1980,Pam Rocks,,,3,,105,Nests,49.4878,-123.2985,,"P Nott, M McNall",B.C Nest Record Scheme
1981,Pam Rocks,,,3,,131,Nests,49.4878,-123.2985,,,Moira Lemon
1986,Pam Rocks,incl small islet,,3,,109,Nests,49.4878,-123.2985,,,Vermeer and Devito 1989
1999,Pam Rocks,incl small islet,,3,,25,Nests,49.4878,-123.2985,,,"Moira Lemon, Sullivan et al. 2002"
2010,Pam Rocks,incl small islet,,3,,7,Nests,49.4878,-123.2985,,,
1958,Passage Island,S tip and rock immediately south,,5,,16,Nests,49.3435,-123.3057,,A Muir  and J.G. Sarles,Drent and Guiguet 1961
1959,Passage Island,S. Rock,,5,,50,Pair. 38 nests with eggs,49.3435,-123.3057,,J. Toochin,Drent and Guiguet 1961
1963,Passage Island,,,5,,125,Pair,49.3435,-123.3057,,,B.C Nest Record Scheme
1964,Passage Island,,,5,,300,Nests (estimated),49.3435,-123.3057,,T Robertson,B.C. Nest Record Scheme
1966,Passage Island,,,5,,75,Pair,49.3435,-123.3057,,G Sink,B.C Nest Record Scheme
1968,Passage Island,,,5,,300,Pair,49.3435,-123.3057,orig est 275-325,R and P Drent,B.C Nest Record Scheme
1971,Passage Island,,,5,,400,Pair,49.3435,-123.3057,,GR Waters,B.C Nest Record Scheme
1974,Passage Island,,,5,,496,"Nests (371 eggs, 596 young)",49.3435,-123.3057,,,Campbell 1976
1978,Passage Island,,,5,,798,Nests,49.3435,-123.3057,,,Campbell et al 1990
1986,Passage Island,,,5,,384,Nests,49.3435,-123.3057,,,Vermeer and Devito 1989
2010,Passage Island,,,5,,7,Nests,49.3435,-123.3057,,,
1968,Point Atkinson,,,1,,4,Nests,49.3301,-123.265,,,"""Colony"" file in GWGU_laura - source unk."
1974,Point Atkinson,,,1,,3,Pair,49.3301,-123.265,,,Campbell 1976
1922,Race Rocks all,,,4,,72,Nests,48.304,-123.5314,Consder as all Race as count so similar to next year's (see note below),,"""Salish"" file in GWGU_laura - source unk."
1924,Race Rocks all,North Race Rock,,4,,75,"Nests (78 total, or typo? 75 pairs with young)",48.304,-123.5314,Consider as count for all of Race Rocks. Original account doesn't mention any birds on Great Race,Munro,Drent and Guiguet 1961
1953,Race Rocks all,All islands,,4,,72,Nests,48.299,-123.531,,CJ Guiguet,B.C. Nest Record Scheme
1958,Race Rocks all,All islands,,4,,325,Nests,48.299,-123.531,Summed 1958 counts,G.C. Odlum (lightkeeper),Drent and Guiguet 1961
1981,Race Rocks all,Assume Race Rocks all - see note,,4,,471,Nests,48.299,-123.531,Assume count is for all of Race Rocks as that is name of survey locality,B.C. Nest Record Scheme,Rodway 1991
1989,Race Rocks all,Race Rocks,,4,,424,Nests,48.299,-123.531,,K. Morgan and K. Vermeer,Vermeer et al. 1992
2009,Race Rocks all,Race Rocks,,4,,115,Nests,48.299,-123.531,,Adam Harding,Adam Harding pers. comm. 2009
1923,Ragged Islets,,,3,,0,Nests,49.0263,-123.6958,,,Campbell et al 1990
1961,Ragged Islets,,,3,,15,Pair,49.0263,-123.6958,,,B.C Nest Record Scheme
1963,Ragged Islets,,,3,,15,Pair,49.0263,-123.6958,orig est 10-20,"MS Rodway, RW Campbell",B.C. Nest Record Scheme
1968,Ragged Islets,,,3,,55,Pair,49.0263,-123.6958,orig est 50-60,R Drent,B.C Nest Record Scheme
1974,Ragged Islets,,,3,,103,Pair,49.0263,-123.6958,,,Campbell 1976
1977,Ragged Islets,,,3,,126,Nests,49.0263,-123.6958,,"MS Rodway, RW Campbell",B.C. Nest Record Scheme
1978,Ragged Islets,,,3,,130,Nests,49.0263,-123.6958,,,Campbell et al 1990
1986,Ragged Islets,,,3,,69,Nests,49.0263,-123.6958,,,Vermeer and Devito 1989
2010,Ragged Islets,,,3,,18,Nests,49.0263,-123.6958,,,
1974,Reay Island,,,1,,5,Pair,48.6835,-123.3291,,,Campbell 1976
1977,Reay Island,,,1,,6,Nests,48.6835,-123.3291,,,B.C Nest Record Scheme
1999,Reay Island,,,1,,0,"Nests, 1 start nest recorded",48.6835,-123.3291,,,Moira Lemon BLOY egg collection 1999
2010,Reay Island,,,1,,0,Nests,48.6835,-123.3291,,Todd Golumbia,T Golumbia pers comm
1974,Reifel Refuge,,,1,,3,Pair,49.1051,-123.1797,,,Campbell 1976
1987,Reifel Refuge,,,1,,1,Nest,49.1051,-123.1797,,J Perrs,B.C. Nest Record Scheme
1988,Reifel Refuge,,,1,,0,Nests,49.1051,-123.1797,,J Perrs,B.C. Nest Record Scheme
1963,Rose Islets,,,3,,50,Pair,49.008,-123.644,,"MS Rodway, RW Campbell",B.C. Nest Record Scheme
1968,Rose Islets,,,3,,100,Pair,49.008,-123.644,,,B.C Nest Record Scheme
1969,Rose Islets,,,3,,100,Pair,49.008,-123.644,,,B.C Nest Record Scheme
1972,Rose Islets,,,3,,1,Nests,49.008,-123.644,,,Campbell et al 1990
1974,Rose Islets,,,3,,208,Pair,49.008,-123.644,,,Campbell 1976
1976,Rose Islets,,,3,,119,Pair,49.008,-123.644,,,B.C Nest Record Scheme
1977,Rose Islets,,,3,,167,Pair,49.008,-123.644,,,B.C Nest Record Scheme
1981,Rose Islets,,,3,,211,Nests,49.008,-123.644,,,Campbell et al 1990
1984,Rose Islets,,,3,,41,Nests,49.008,-123.644,,,B.C Nest Record Scheme
1985,Rose Islets,,,3,,112,Nests,49.008,-123.644,,,Vermeer and Devito 1989
1986,Rose Islets,,,3,,116,Nests,49.008,-123.644,,,Vermeer and Devito 1989
2010,Rose Islets,,,3,,12,Nests,49.008,-123.644,,,
1977,Ruxton Island,Cliffs,,1,,2,Nests,49.0723,-123.6999,,"MS Rodway, RW Campbell",B.C. Nest Record Scheme
1986,Ruxton Island,,,1,,2,Nests,49.0723,-123.6999,,,Vermeer and Devito 1989
1986,Sallas Rocks,,,2,,29,Nests,48.585,-123.2903,,,Vermeer and Devito 1989
1997,Sallas Rocks,,,2,,13,Nests,48.585,-123.2903,,,Sullivan et al 2002
2006,Sallas Rocks,,,2,,0,Nests,48.585,-123.2903,,R. Butler,Butler pers. comm.
2009,Sallas Rocks,,,2,,9,Nests,48.585,-123.2903,,T. Golumbia,Todd Golumbia pers. comm. 2009
1974,Saltspring Island,Unnamed rock in mouth of Long Harbour,,1,,3,Nests,48.8522,-123.4413,,"MS Rodway, RW Campbell",B.C. Nest Record Scheme
1977,Saltspring Island,Unnamed rock in mouth of Long Harbour,,1,,1,Nest,48.8522,-123.4413,,"MS Rodway, RW Campbell",B.C. Nest Record Scheme
1977,Saturna Island,South of East Point,,1,,7,Nests,48.7839,-123.0448,,"MS Rodway, RW Campbell",B.C. Nest Record Scheme
1986,Saturna Island,East Point,,1,,7,Nests,48.7839,-123.0448,,,Vermeer and Devito 1989
1940,Sisters Islets,,,3,,100,Pair. Gulls observed nesting  (with eggs and young),49.4867,-124.4349,,O.S. Dean (lightkeeper),Drent and Guiguet 1961
1941,Sisters Islets,,,3,,100,Pair. Gulls observed nesting  (with eggs and young),49.4867,-124.4349,,O.S. Dean (lightkeeper),Drent and Guiguet 1961
1942,Sisters Islets,,,3,,100,Pair. Gulls observed nesting  (with eggs and young),49.4867,-124.4349,,O.S. Dean (lightkeeper),Drent and Guiguet 1961
1943,Sisters Islets,,,3,,100,Pair. Gulls observed nesting  (with eggs and young),49.4867,-124.4349,,O.S. Dean (lightkeeper),Drent and Guiguet 1961
1951,Sisters Islets,,,3,,100,Pair. Gulls observed nesting  (with eggs and young),49.4867,-124.4349,,Mrs. A.G. Waldon,Drent and Guiguet 1961
1968,Sisters Islets,,,3,,74,Pair,49.4867,-124.4349,,R and N Drent,B.C Nest Record Scheme
1974,Sisters Islets,,,3,,108,Pair,49.4867,-124.4349,,,Campbell 1976
1978,Sisters Islets,,,3,,85,Nests,49.4867,-124.4349,,MGS TES,B.C. Nest Record Scheme
1981,Sisters Islets,,,3,,151,Nests,49.4867,-124.4349,,RW Campbell,Campbell et al 1990
1986,Sisters Islets,,,3,,25,Nests,49.4867,-124.4349,,,Vermeer and Devito 1989
1958,Siwash Rock,,,1,,4,Pair,49.3088,-123.156,Orig est 3-4,E. Moody via J. Toochin,Drent and Guiguet 1961
1961,Siwash Rock,,,1,,2,Pair,49.3088,-123.156,,,B.C Nest Record Scheme
1962,Siwash Rock,,,1,,1,Pair,49.3088,-123.156,,,B.C Nest Record Scheme
1967,Siwash Rock,,,1,,2,Pair,49.3088,-123.156,,,B.C Nest Record Scheme
1974,Siwash Rock,,,1,,6,Pair,49.3088,-123.156,,,Campbell 1976
1976,Siwash Rock,,,1,,3,Nests,49.3088,-123.156,,,B.C Nest Record Scheme
1977,Siwash Rock,,,1,,4,Pair,49.3088,-123.156,,,B.C Nest Record Scheme
1986,Siwash Rock,,,1,,8,Nests,49.3088,-123.156,,,Vermeer and Devito 1989
2010,Siwash Rock,,,1,,0,Nests,49.3088,-123.156,,,
1958,Snake Island,,,5,,350,Pair,49.216,-123.8907,orig est 300-400,J.G. Sarles,Drent and Guiguet 1961
1959,Snake Island,,,5,,500,Pair,49.216,-123.8907,,Wm. Merilees,Drent and Guiguet 1961
1960,Snake Island,,,5,,350,Pair,49.216,-123.8907,orig est 300-400,R. Drent,Drent and Guiguet 1961
1964,Snake Island,,,5,,300,Pair,49.216,-123.8907,,,B.C Nest Record Scheme
1968,Snake Island,,,5,,330,Pair,49.216,-123.8907,,R and P Drent,B.C. Nest Record Scheme
1974,Snake Island,,,5,,558,Pair,49.216,-123.8907,,,Campbell 1976
1975,Snake Island,,,5,,610,Nests,49.216,-123.8907,,,Moira Lemon
1977,Snake Island,,,5,,400,Pair,49.216,-123.8907,,,B.C Nest Record Scheme
1978,Snake Island,,,5,,615,Nests,49.216,-123.8907,,,Moira Lemon
1980,Snake Island,,,5,,426,Nests,49.216,-123.8907,,,Moira Lemon
1981,Snake Island,,,5,,719,Nests,49.216,-123.8907,,,Moira Lemon
1986,Snake Island,,,5,,673,Nests,49.216,-123.8907,,,Vermeer and Devito 1989
1999,Snake Island,,,5,,204,Nests,49.216,-123.8907,,,"Moira Lemon, Sullivan et al. 2002"
2010,Snake Island,,,5,,20,Nests,49.216,-123.8907,,,
1960,Sooke Bay,,,1,,2,Nests,48.3677,-123.7732,,J.A. Brooks,Drent and Guiguet 1961
1974,Sooke Bay,,,1,,2,Pair,48.3677,-123.7732,,,Campbell 1976
1974,South Bedford Island,,,1,,2,Pair,48.3135,-123.6004,,,Campbell 1876
1975,South Bedford Island,,,1,,2,Nests,48.3135,-123.6004,,"P Nott, G Seedhouse",B.C Nest Record Scheme
1977,South Bedford Island,,,1,,21,Pair,48.3135,-123.6004,,,B.C Nest Record Scheme
1972,Tent Island,,,2,,1,Pair,48.9283,-123.6292,,"MS Rodway, RW Campbell",B.C Nest Record Scheme
1974,Tent Island,,,2,,3,Pair,48.9283,-123.6292,,"MS Rodway, RW Campbell",Campbell 1976
1976,Tent Island,,,2,,5,Nests,48.9283,-123.6292,,"MS Rodway, RW Campbell",B.C Nest Record Scheme
1977,Tent Island,,,2,,16,Pair,48.9283,-123.6292,,"MS Rodway, RW Campbell",B.C Nest Record Scheme
1985,Tent Island,,,2,,11,Nests,48.9283,-123.6292,,,Vermeer and Devito 1989
1986,Tent Island,Cliffs and cliff cavities,,2,,12,Nests,48.9283,-123.6292,,,Vermeer and Devito 1989
1953,Trial Island,,,3,,50,Pair,48.3976,-123.3057,,CJG MS,Drent and Guiguet 1961
1959,Trial Island,,,3,,50,Pair,48.3976,-123.3057,,D.H. Franklin (lightkeeper),Drent and Guiguet 1961
1960,Trial Island,,,3,,46,Nests,48.3976,-123.3057,,Miss June Franklin,Drent and Guiguet 1961
1961,Trial Island,,,3,,39,Pair,48.3976,-123.3057,,,B.C Nest Record Scheme
1973,Trial Island,,,3,,2,Nests,48.3976,-123.3057,,,B.C Nest Record Scheme
1974,Trial Island,,,3,,3,Pair,48.3976,-123.3057,,,Campbell 1976
2010,Trial Island,,,3,,100,Nests,48.3976,-123.3057,Rough estimate from memory,"Meredith Dickman, lightkepper","M Dickman, pers comm"
1974,Tsawwassen,Breakwater,,3,,115,Pair,48.9967,-123.0953,,,Campbell 1976
1974,Tsawwassen,Jetty,,3,,9,Pair,49.0191,-123.1121,,,Campbell 1976
1977,Tsawwassen,Breakwater,,3,,160,Pair,48.9967,-123.0953,,,B.C Nest Record Scheme
1986,Tsawwassen,Breakwater,,3,,238,Nests,48.9967,-123.0953,,,Vermeer and Devito 1989
2010,Tsawwassen,Jetty,,3,,4,Pair,49.0191,-123.1121,,,R. Butler pers. comm.
1977,Valdes Island,Cliffs,,1,,1,Nest,49.0581,-123.6333,,"MS Rodway, RW Campbell",B.C. Nest Record Scheme
1978,Valdes Island,Cliffs,,1,,1,Pair,49.0581,-123.6333,,"GP Sink, UBC Con't Ed Tour",B.C. Nest Record Scheme
1974,Vancouver Buildings,Buildings,,,,4,Pair,49.2737,-123.102,,,Campbell 1976
1986,Vancouver Buildings,Buildings,,,,500,Pair,49.2737,-123.102,,Vermeer et al 1988,Vermeer 1992
1986,Vancouver Burrard Bridge,Burrard Bridge,,1,,9,Nests,49.2747,-123.1392,,,Vermeer and Devito 1989
2010,Vancouver Burrard Bridge,Burrard Bridge,,1,,1,Nests,49.2747,-123.1392,,,
1986,Vancouver Burrard Inlet,Burrard Inlet,,1,,8,Nests,49.3105,-123.1045,,,Vermeer and Devito 1989
1986,Vancouver Harbour,Harbour,,,,112,Pair,49.2853,-123.0989,,Vermeer et al 1988,Rodway 1991
1974,Vancouver Lions Gate Bridge,Lions Gate Bridge,,1,,1,Pair,49.3141,-123.1399,,,Campbell 1976
1986,Vancouver Lions Gate Bridge,Lions Gate Bridge,,1,,1,Nest,49.3141,-123.1399,,,Vermeer and Devito 1989
2010,Vancouver Lions Gate Bridge,Lions Gate Bridge,,1,,2,Nests,49.3141,-123.1399,,,
1959,Vancouver Prospect Point,Prospect Point,,1,,2,Pair,49.314,-123.1415,,W. Hughes,Drent and Guiguet 1961
1974,Vancouver Prospect Point,Prospect Point,,1,,5,Pair,49.314,-123.1415,,,Campbell 1976
1986,Vancouver Prospect Point,Prospect Point,,1,,4,Nests,49.314,-123.1415,,,Vermeer and Devito 1989
2010,Vancouver Prospect Point,Prospect Point,,1,,0,Nests,49.314,-123.1415,,,
1984,Vancouver Second Narrows Bridge,Second Narrows Bridge,,2,,40,Nests,49.2948,-123.0263,,"D Wilson, O Dunbar, K Hobson",B.C Nest Record Scheme
1986,Vancouver Second Narrows Bridge,Second Narrows Bridge,,2,,40,Nests,49.2948,-123.0263,,,Vermeer and Devito 1989
1974,VictoriaBBS,,,,,314,Nests,,,,,
1975,VictoriaBBS,,,,,230,Nests,,,,,
1976,VictoriaBBS,,,,,209,Nests,,,,,
1977,VictoriaBBS,,,,,341,Nests,,,,,
1978,VictoriaBBS,,,,,173,Nests,,,,,
1979,VictoriaBBS,,,,,220,Nests,,,,,
1980,VictoriaBBS,,,,,340,Nests,,,,,
1981,VictoriaBBS,,,,,310,Nests,,,,,
1982,VictoriaBBS,,,,,233,Nests,,,,,
1988,VictoriaBBS,,,,,215,Nests,,,,,
1989,VictoriaBBS,,,,,269,Nests,,,,,
1990,VictoriaBBS,,,,,312,Nests,,,,,
1991,VictoriaBBS,,,,,116,Nests,,,,,
1992,VictoriaBBS,,,,,110,Nests,,,,,
1993,VictoriaBBS,,,,,208,Nests,,,,,
1994,VictoriaBBS,,,,,226,Nests,,,,,
1995,VictoriaBBS,,,,,55,Nests,,,,,
1996,VictoriaBBS,,,,,50,Nests,,,,,
1998,VictoriaBBS,,,,,85,Nests,,,,,
1999,VictoriaBBS,,,,,66,Nests,,,,,
2000,VictoriaBBS,,,,,55,Nests,,,,,
2001,VictoriaBBS,,,,,61,Nests,,,,,
2002,VictoriaBBS,,,,,52,Nests,,,,,
1966,Vivian Island,,,3,,59,Nests,49.841,-124.7011,,,Campbell et al 1990
1970,Vivian Island,,,3,,75,Pair,49.841,-124.7011,,,B.C Nest Record Scheme
1972,Vivian Island,,,3,,240,Nests,49.841,-124.7011,,,B.C Nest Record Scheme
1974,Vivian Island,,,3,,218,Pair,49.841,-124.7011,,,Campbell 1976
1975,Vivian Island,,,3,,245,Nests,49.841,-124.7011,,,Campbell et al 1990
1978,Vivian Island,,,3,,240,Pair,49.841,-124.7011,,,B.C Nest Record Scheme
1986,Vivian Island,,,3,,208,Nests,49.841,-124.7011,,,Vermeer and Devito 1989
2006,Vivian Island,,,3,,0,Adults,49.841,-124.7011,,Rob Butler,Rob Butler pers. comm. 2009
1974,Wallace Island,,,2,,3,Nests,48.9394,-123.5562,,"MS Rodway, RW Campbell",B.C Nest Record Scheme
1977,Wallace Island,,,2,,12,Pair,48.9394,-123.5562,,"MS Rodway, RW Campbell",B.C Nest Record Scheme
1985,Wallace Island,Unnamed rocks,,2,,3,Nests,48.9394,-123.5562,,,Vermeer and Devito 1989
1986,Wallace Island,Unnamed rocks,,2,,3,Nests,48.9394,-123.5562,,,Vermeer and Devito 1989
1968,White Islets,,,4,,340,Pair,49.4183,-123.712,,,B.C Nest Record Scheme
1974,White Islets,,,4,,279,Pair,49.4183,-123.712,,,Campbell 1976
1986,White Islets,,,4,,490,Nests,49.4183,-123.712,,,Vermeer and Devito 1989
2010,White Islets,,,4,,253,Nests,49.4183,-123.712,,,
1978,Whyte Islet,,,2,,6,Nests,49.3661,-123.2835,,R W Campbell,B.C Nest Record Scheme
1981,Whyte Islet,,,2,,22,Nests,49.3661,-123.2835,,,Moira Lemon
1986,Whyte Islet,,,2,,10,Nests,49.3661,-123.2835,"Based on being there in the boat, assumed this was ""Unnamed It"" in Vermeer & Devito 1986",,
1999,Whyte Islet,,,2,,0,Nests,49.3661,-123.2835,,,Moira Lemon
2010,Whyte Islet,,,2,,0,Nests,49.3661,-123.2835,,,
